study_name,decoder,accuracy_train,accuracy_test,condition,fold,score,n_sample,feature_importance T-3,feature_importance T-2,feature_importance T-1,hidden_state T-3,hidden_state T-2,hidden_state T-1,weight T-3 C-0,weight T-3 C-1,weight T-3 C-2,weight T-3 C-3,weight T-2 C-0,weight T-2 C-1,weight T-2 C-2,weight T-2 C-3,weight T-1 C-0,weight T-1 C-1,weight T-1 C-2,weight T-1 C-3
data_Bang_2019_Exp1,RF,correct trials,correct trials,"T-3,T-2,T-1",5.5,0.8063825456970032,2755.6666666666665,0.01750326745549074,0.038979396560286074,0.22444121790372884,,,,,,,,,,,,,,,
data_Bang_2019_Exp1,RF,correct trials,correct trials,"T-7,T-6,T-5",5.5,0.66315915606517,2755.6666666666665,0.039381190964988703,0.03215708452163338,0.10985382587815644,,,,,,,,,,,,,,,
data_Bang_2019_Exp1,RF,correct trials,incorrect trials,"T-3,T-2,T-1",5.5,0.712764314043386,772.8333333333334,0.018726193091253507,0.020329946282403023,0.07468628717693235,,,,,,,,,,,,,,,
data_Bang_2019_Exp1,RF,correct trials,incorrect trials,"T-7,T-6,T-5",5.5,0.6380821538187784,772.8333333333334,0.035981345822497894,0.022649929413386893,0.06718226249526753,,,,,,,,,,,,,,,
data_Bang_2019_Exp1,RF,incorrect trials,correct trials,"T-3,T-2,T-1",5.5,0.8040730770745408,2755.6666666666665,0.02214691196413211,0.05547806551719569,0.22111216273644255,,,,,,,,,,,,,,,
data_Bang_2019_Exp1,RF,incorrect trials,correct trials,"T-7,T-6,T-5",5.5,0.6596819073695138,2755.6666666666665,0.04288479432566581,0.0451840674122685,0.11088245298582572,,,,,,,,,,,,,,,
data_Bang_2019_Exp1,RF,incorrect trials,incorrect trials,"T-3,T-2,T-1",5.5,0.708432695915833,772.8333333333334,0.019655628801536235,0.024404036954655258,0.07559118903453235,,,,,,,,,,,,,,,
data_Bang_2019_Exp1,RF,incorrect trials,incorrect trials,"T-7,T-6,T-5",5.5,0.6301634123989045,772.8333333333334,0.03562955720992739,0.031549298750594645,0.06684629223138873,,,,,,,,,,,,,,,
data_Bang_2019_Exp1,RNN,correct trials,correct trials,"T-3,T-2,T-1",5.5,0.7849733473903586,4409.25,,,,0.14696885117640096,0.1445882672754427,0.1374543388398403,,,,,,,,,,,,
data_Bang_2019_Exp1,RNN,correct trials,correct trials,"T-7,T-6,T-5",5.5,0.6543768872609621,4409.25,,,,0.15570702000210682,0.17894376907497644,0.17900856615354613,,,,,,,,,,,,
data_Bang_2019_Exp1,RNN,correct trials,incorrect trials,"T-3,T-2,T-1",5.5,0.7011612003020855,772.8333333333334,,,,0.3748930295308431,0.4314364865422249,0.4572211106618245,,,,,,,,,,,,
data_Bang_2019_Exp1,RNN,correct trials,incorrect trials,"T-7,T-6,T-5",5.5,0.6346362604336605,772.8333333333334,,,,0.24338120222091672,0.31409372016787523,0.35271291186412174,,,,,,,,,,,,
data_Bang_2019_Exp1,RNN,incorrect trials,correct trials,"T-3,T-2,T-1",5.5,0.7828889978276643,2755.6666666666665,,,,0.12071584723889826,0.12130520616968471,0.11287967922119907,,,,,,,,,,,,
data_Bang_2019_Exp1,RNN,incorrect trials,correct trials,"T-7,T-6,T-5",5.5,0.6482061071861448,2755.6666666666665,,,,0.11720235459506508,0.13990716139475504,0.13854158980151013,,,,,,,,,,,,
data_Bang_2019_Exp1,RNN,incorrect trials,incorrect trials,"T-3,T-2,T-1",5.5,0.7333632700267384,1236.7083333333333,,,,0.27044894608358544,0.31430859056611854,0.3300223629921675,,,,,,,,,,,,
data_Bang_2019_Exp1,RNN,incorrect trials,incorrect trials,"T-7,T-6,T-5",5.5,0.6446850112780192,1236.7083333333333,,,,0.1727477948491772,0.22972961080571017,0.25518283372124034,,,,,,,,,,,,
data_Bang_2019_Exp1,SVM,correct trials,correct trials,"T-3,T-2,T-1",5.5,0.7893534160129225,2755.6666666666665,,,,,,,-0.11448575060866384,0.012950521622790217,0.095454316169659,-0.030400179337942798,-0.11959665670737228,-0.05596438403557005,-0.003595250992381893,0.19065106708389304,-0.35605452696743994,-0.15424063464216015,0.018821006683957874,0.6537284690125315
data_Bang_2019_Exp1,SVM,correct trials,correct trials,"T-7,T-6,T-5",5.5,0.6425458875900961,2755.6666666666665,,,,,,,-0.022287651125954627,0.06427268450067262,0.10693787042637039,-0.13302399511514862,-0.07026881430416555,-0.011847274828538902,0.05858828739716721,0.03683204000454352,-0.20351255551923408,-0.0875264651076126,0.03602940279025855,0.2709879620216848
data_Bang_2019_Exp1,SVM,correct trials,incorrect trials,"T-3,T-2,T-1",5.5,0.708769342380143,772.8333333333334,,,,,,,-0.11448575060866384,0.012950521622790217,0.095454316169659,-0.030400179337942798,-0.11959665670737228,-0.05596438403557005,-0.003595250992381893,0.19065106708389304,-0.35605452696743994,-0.15424063464216015,0.018821006683957874,0.6537284690125315
data_Bang_2019_Exp1,SVM,correct trials,incorrect trials,"T-7,T-6,T-5",5.5,0.6262144163353004,772.8333333333334,,,,,,,-0.022287651125954627,0.06427268450067262,0.10693787042637039,-0.13302399511514862,-0.07026881430416555,-0.011847274828538902,0.05858828739716721,0.03683204000454352,-0.20351255551923408,-0.0875264651076126,0.03602940279025855,0.2709879620216848
data_Bang_2019_Exp1,SVM,incorrect trials,correct trials,"T-3,T-2,T-1",5.5,0.7893157126355032,2755.6666666666665,,,,,,,-0.1220244604169643,0.012234161613055468,0.09923560623366097,-0.024427736687371884,-0.11529128825048592,-0.058154615350469736,-0.007889640714934433,0.19986067319628922,-0.3508407848305592,-0.1512586483382647,0.01718844234622948,0.6546584858619494
data_Bang_2019_Exp1,SVM,incorrect trials,correct trials,"T-7,T-6,T-5",5.5,0.6394245489611033,2755.6666666666665,,,,,,,-0.027800021731485113,0.07191832517189732,0.11605311994130807,-0.14249743153964287,-0.07233842848245259,-0.009566369346529524,0.05368289636431336,0.041089207851432864,-0.20171448379575743,-0.09717647916541045,0.03447717229253934,0.28134803658974367
data_Bang_2019_Exp1,SVM,incorrect trials,incorrect trials,"T-3,T-2,T-1",5.5,0.7086753894921638,772.8333333333334,,,,,,,-0.1220244604169643,0.012234161613055468,0.09923560623366097,-0.024427736687371884,-0.11529128825048592,-0.058154615350469736,-0.007889640714934433,0.19986067319628922,-0.3508407848305592,-0.1512586483382647,0.01718844234622948,0.6546584858619494
data_Bang_2019_Exp1,SVM,incorrect trials,incorrect trials,"T-7,T-6,T-5",5.5,0.6240895587207387,772.8333333333334,,,,,,,-0.027800021731485113,0.07191832517189732,0.11605311994130807,-0.14249743153964287,-0.07233842848245259,-0.009566369346529524,0.05368289636431336,0.041089207851432864,-0.20171448379575743,-0.09717647916541045,0.03447717229253934,0.28134803658974367
data_Bang_2019_Exp2,RF,correct trials,correct trials,"T-3,T-2,T-1",100.0,0.6555278333877503,140.53731343283582,0.012617333887666301,0.012214279121324065,0.05907309098895198,,,,,,,,,,,,,,,
data_Bang_2019_Exp2,RF,correct trials,correct trials,"T-7,T-6,T-5",100.0,0.6100982113042382,140.53731343283582,0.016094926506817958,0.012055276378738213,0.02044097153831071,,,,,,,,,,,,,,,
data_Bang_2019_Exp2,RF,correct trials,incorrect trials,"T-3,T-2,T-1",100.0,0.660703151165732,52.46268656716418,0.011544257874370968,0.007703292821505248,0.04482102460225668,,,,,,,,,,,,,,,
data_Bang_2019_Exp2,RF,correct trials,incorrect trials,"T-7,T-6,T-5",100.0,0.62281805488524,52.46268656716418,0.012699830711122588,0.013618193795823855,0.014805333160361762,,,,,,,,,,,,,,,
data_Bang_2019_Exp2,RF,incorrect trials,correct trials,"T-3,T-2,T-1",100.0,0.65344114255489,140.53731343283582,0.014063217716650473,0.011802323050250432,0.05828672583324632,,,,,,,,,,,,,,,
data_Bang_2019_Exp2,RF,incorrect trials,correct trials,"T-7,T-6,T-5",100.0,0.6091839706202069,140.53731343283582,0.0160434794413838,0.01375741847930016,0.023362826184242493,,,,,,,,,,,,,,,
data_Bang_2019_Exp2,RF,incorrect trials,incorrect trials,"T-3,T-2,T-1",100.0,0.6605137599903733,52.46268656716418,0.014557603639275985,0.00919091918863402,0.04667778277731202,,,,,,,,,,,,,,,
data_Bang_2019_Exp2,RF,incorrect trials,incorrect trials,"T-7,T-6,T-5",100.0,0.6223790565030258,52.46268656716418,0.013209591135568821,0.01332888292366932,0.01659912913795657,,,,,,,,,,,,,,,
data_Bang_2019_Exp2,RNN,correct trials,correct trials,"T-3,T-2,T-1",100.0,0.6798957226225634,2881.2139303482586,,,,0.12232036516041407,0.15925296208941706,0.17457968592342563,,,,,,,,,,,,
data_Bang_2019_Exp2,RNN,correct trials,correct trials,"T-7,T-6,T-5",100.0,0.6461910035901677,2881.2139303482586,,,,0.11426874996737499,0.1650707640659657,0.19048717606694562,,,,,,,,,,,,
data_Bang_2019_Exp2,RNN,correct trials,incorrect trials,"T-3,T-2,T-1",100.0,0.6391703835755683,52.46268656716418,,,,0.146091495067187,0.19096190545856212,0.20995171566201903,,,,,,,,,,,,
data_Bang_2019_Exp2,RNN,correct trials,incorrect trials,"T-7,T-6,T-5",100.0,0.6043956629545882,52.46268656716418,,,,0.1316103169912315,0.19139806542948667,0.2240192387038749,,,,,,,,,,,,
data_Bang_2019_Exp2,RNN,incorrect trials,correct trials,"T-3,T-2,T-1",100.0,0.6303839849483186,140.53731343283582,,,,0.11698509030541016,0.15994732515696455,0.17937612735269018,,,,,,,,,,,,
data_Bang_2019_Exp2,RNN,incorrect trials,correct trials,"T-7,T-6,T-5",100.0,0.5918775476294732,140.53731343283582,,,,0.11008030813724841,0.16244142748654672,0.18968784171087083,,,,,,,,,,,,
data_Bang_2019_Exp2,RNN,incorrect trials,incorrect trials,"T-3,T-2,T-1",100.0,0.6787002897758964,1075.6915422885572,,,,0.13345863558936966,0.18171297535659348,0.20236812079028776,,,,,,,,,,,,
data_Bang_2019_Exp2,RNN,incorrect trials,incorrect trials,"T-7,T-6,T-5",100.0,0.648795259831352,1075.6915422885572,,,,0.12125049037534502,0.1797057185031008,0.21191411552008413,,,,,,,,,,,,
data_Bang_2019_Exp2,SVM,correct trials,correct trials,"T-3,T-2,T-1",100.0,0.6333620748677511,140.53731343283582,,,,,,,-0.14937412199766908,-0.03661007965752223,0.02558197182772742,0.16786363579075858,-0.14393049909656444,-0.0423750397589996,0.03376489183140147,0.15918504834299288,-0.21605995902575667,-0.06224253362735351,0.04512941473017336,0.24058199826720142
data_Bang_2019_Exp2,SVM,correct trials,correct trials,"T-7,T-6,T-5",100.0,0.5915255257899618,140.53731343283582,,,,,,,-0.1406764354498151,-0.05253228097549919,0.03593086582492656,0.1615992134671373,-0.1342889124449496,-0.044899834665023355,0.03424241402626745,0.14900796736230915,-0.1533457194935854,-0.04556692109859222,0.03431957173459424,0.1697326876456065
data_Bang_2019_Exp2,SVM,correct trials,incorrect trials,"T-3,T-2,T-1",100.0,0.6322298615275845,52.46268656716418,,,,,,,-0.14937412199766908,-0.03661007965752223,0.02558197182772742,0.16786363579075858,-0.14393049909656444,-0.0423750397589996,0.03376489183140147,0.15918504834299288,-0.21605995902575667,-0.06224253362735351,0.04512941473017336,0.24058199826720142
data_Bang_2019_Exp2,SVM,correct trials,incorrect trials,"T-7,T-6,T-5",100.0,0.5943835355252497,52.46268656716418,,,,,,,-0.1406764354498151,-0.05253228097549919,0.03593086582492656,0.1615992134671373,-0.1342889124449496,-0.044899834665023355,0.03424241402626745,0.14900796736230915,-0.1533457194935854,-0.04556692109859222,0.03431957173459424,0.1697326876456065
data_Bang_2019_Exp2,SVM,incorrect trials,correct trials,"T-3,T-2,T-1",100.0,0.6341756624107808,140.53731343283582,,,,,,,-0.14260923154762417,-0.050008639796935955,0.017609023345297053,0.18650312555503842,-0.14637670846802944,-0.03316534559437332,0.04313033085193796,0.14356880957100346,-0.22296191464797516,-0.06348200832734269,0.04899643051259484,0.2499325212553288
data_Bang_2019_Exp2,SVM,incorrect trials,correct trials,"T-7,T-6,T-5",100.0,0.5924118360196767,140.53731343283582,,,,,,,-0.1301081963037499,-0.05049670117677245,0.02619075733124985,0.16278987163702627,-0.1425757944377147,-0.030111539068473945,0.027532957158409768,0.15302788808016368,-0.1562377126692386,-0.05885603374850186,0.042568030443815796,0.18071526256614975
data_Bang_2019_Exp2,SVM,incorrect trials,incorrect trials,"T-3,T-2,T-1",100.0,0.6344704011102704,52.46268656716418,,,,,,,-0.14260923154762417,-0.050008639796935955,0.017609023345297053,0.18650312555503842,-0.14637670846802944,-0.03316534559437332,0.04313033085193796,0.14356880957100346,-0.22296191464797516,-0.06348200832734269,0.04899643051259484,0.2499325212553288
data_Bang_2019_Exp2,SVM,incorrect trials,incorrect trials,"T-7,T-6,T-5",100.0,0.5924910602073541,52.46268656716418,,,,,,,-0.1301081963037499,-0.05049670117677245,0.02619075733124985,0.16278987163702627,-0.1425757944377147,-0.030111539068473945,0.027532957158409768,0.15302788808016368,-0.1562377126692386,-0.05885603374850186,0.042568030443815796,0.18071526256614975
data_Gajdos_2019,RF,correct trials,correct trials,"T-3,T-2,T-1",10.5,0.6161525259002697,406.04545454545456,0.009645710043154987,0.015136452746830113,0.08101536031467815,,,,,,,,,,,,,,,
data_Gajdos_2019,RF,correct trials,correct trials,"T-7,T-6,T-5",10.5,0.5360474302990318,406.04545454545456,0.00745405310338427,0.010936363338636554,0.01654523798519599,,,,,,,,,,,,,,,
data_Gajdos_2019,RF,correct trials,incorrect trials,"T-3,T-2,T-1",10.5,0.5998630924427597,109.18181818181819,0.0017080710230258185,0.004576134673294891,0.04776518477236107,,,,,,,,,,,,,,,
data_Gajdos_2019,RF,correct trials,incorrect trials,"T-7,T-6,T-5",10.5,0.5381479517529825,109.18181818181819,-0.0024476562924009774,0.0013405047281122026,0.002766522099843131,,,,,,,,,,,,,,,
data_Gajdos_2019,RF,incorrect trials,correct trials,"T-3,T-2,T-1",10.5,0.5962328606739038,406.04545454545456,0.009563555609548819,0.010735061767648907,0.06700738654551913,,,,,,,,,,,,,,,
data_Gajdos_2019,RF,incorrect trials,correct trials,"T-7,T-6,T-5",10.5,0.5223046274306612,406.04545454545456,0.0037396379637291356,0.0028500758543051384,0.008195213918604102,,,,,,,,,,,,,,,
data_Gajdos_2019,RF,incorrect trials,incorrect trials,"T-3,T-2,T-1",10.5,0.591955383468335,109.18181818181819,0.00413244340193281,0.012582751073226029,0.0400128726657593,,,,,,,,,,,,,,,
data_Gajdos_2019,RF,incorrect trials,incorrect trials,"T-7,T-6,T-5",10.5,0.5373020906660124,109.18181818181819,0.0025681301837196854,0.016662988112009634,0.019769713395829544,,,,,,,,,,,,,,,
data_Gajdos_2019,RNN,correct trials,correct trials,"T-3,T-2,T-1",10.5,0.6120672119723254,1055.909090909091,,,,0.09724084656177595,0.1452434323304756,0.16780948638916016,,,,,,,,,,,,
data_Gajdos_2019,RNN,correct trials,correct trials,"T-7,T-6,T-5",10.5,0.5486836661742409,1055.909090909091,,,,0.08691092838787219,0.14692760479043832,0.18603714885698122,,,,,,,,,,,,
data_Gajdos_2019,RNN,correct trials,incorrect trials,"T-3,T-2,T-1",10.5,0.5523231109100212,109.18181818181819,,,,0.10127987992018461,0.1402421026405963,0.1747369612990455,,,,,,,,,,,,
data_Gajdos_2019,RNN,correct trials,incorrect trials,"T-7,T-6,T-5",10.5,0.5165376050777124,109.18181818181819,,,,0.08819099443710661,0.14479714200239288,0.1957041434943676,,,,,,,,,,,,
data_Gajdos_2019,RNN,incorrect trials,correct trials,"T-3,T-2,T-1",10.5,0.5659849830842659,406.04545454545456,,,,0.09226896165108137,0.15077350508760323,0.18389344266192476,,,,,,,,,,,,
data_Gajdos_2019,RNN,incorrect trials,correct trials,"T-7,T-6,T-5",10.5,0.5301435072383097,406.04545454545456,,,,0.09048282151872461,0.1557466126978397,0.20153945409269494,,,,,,,,,,,,
data_Gajdos_2019,RNN,incorrect trials,incorrect trials,"T-3,T-2,T-1",10.5,0.5683929248404366,284.04545454545456,,,,0.09108909417674028,0.1472325669178231,0.1844037761065093,,,,,,,,,,,,
data_Gajdos_2019,RNN,incorrect trials,incorrect trials,"T-7,T-6,T-5",10.5,0.537059684516183,284.04545454545456,,,,0.09194032475352286,0.15646390146999198,0.20782418896190144,,,,,,,,,,,,
data_Gajdos_2019,SVM,correct trials,correct trials,"T-3,T-2,T-1",10.5,0.616938146891696,406.04545454545456,,,,,,,-0.0488141333643145,-0.04340689202994015,0.003835763939944232,0.08594669405347086,-0.04974106501569835,-0.035901666187445926,-0.023104745645591528,0.10773655039037285,-0.14853220943043471,-0.09182225085305083,-0.014005698308366087,0.24275181346288505
data_Gajdos_2019,SVM,correct trials,correct trials,"T-7,T-6,T-5",10.5,0.5384835633496681,406.04545454545456,,,,,,,-0.03951797111887919,-0.029084561540149656,-0.004339976893888438,0.06780260400372061,-0.05017445165999706,-0.03773503071726614,-0.005532779103888992,0.08682348595757995,-0.043536452576840384,-0.03930989223088898,-0.022767644904963413,0.10069548707351196
data_Gajdos_2019,SVM,correct trials,incorrect trials,"T-3,T-2,T-1",10.5,0.5640909768644206,109.18181818181819,,,,,,,-0.0488141333643145,-0.04340689202994015,0.003835763939944232,0.08594669405347086,-0.04974106501569835,-0.035901666187445926,-0.023104745645591528,0.10773655039037285,-0.14853220943043471,-0.09182225085305083,-0.014005698308366087,0.24275181346288505
data_Gajdos_2019,SVM,correct trials,incorrect trials,"T-7,T-6,T-5",10.5,0.5136714020501109,109.18181818181819,,,,,,,-0.03951797111887919,-0.029084561540149656,-0.004339976893888438,0.06780260400372061,-0.05017445165999706,-0.03773503071726614,-0.005532779103888992,0.08682348595757995,-0.043536452576840384,-0.03930989223088898,-0.022767644904963413,0.10069548707351196
data_Gajdos_2019,SVM,incorrect trials,correct trials,"T-3,T-2,T-1",10.5,0.6126787880298413,406.04545454545456,,,,,,,-0.05235647786266553,-0.03765485611478459,-0.00275990361910255,0.09082109348136506,-0.04832472470682216,-0.03873844365620267,-0.0173797565176663,0.1027117494595807,-0.1486494410966169,-0.08875460747703423,-0.011515185305929735,0.23783816986961118
data_Gajdos_2019,SVM,incorrect trials,correct trials,"T-7,T-6,T-5",10.5,0.5384209992323759,406.04545454545456,,,,,,,-0.04190137957564787,-0.02731493199716458,-0.004544442033763981,0.06846110228698699,-0.05452690369003284,-0.02961171512033142,-0.004623370145050024,0.08224771262530253,-0.04259761853725362,-0.04541519426990562,-0.02325306959617053,0.10654066978862783
data_Gajdos_2019,SVM,incorrect trials,incorrect trials,"T-3,T-2,T-1",10.5,0.5640215613596676,109.18181818181819,,,,,,,-0.05235647786266553,-0.03765485611478459,-0.00275990361910255,0.09082109348136506,-0.04832472470682216,-0.03873844365620267,-0.0173797565176663,0.1027117494595807,-0.1486494410966169,-0.08875460747703423,-0.011515185305929735,0.23783816986961118
data_Gajdos_2019,SVM,incorrect trials,incorrect trials,"T-7,T-6,T-5",10.5,0.5063853985105138,109.18181818181819,,,,,,,-0.04190137957564787,-0.02731493199716458,-0.004544442033763981,0.06846110228698699,-0.05452690369003284,-0.02961171512033142,-0.004623370145050024,0.08224771262530253,-0.04259761853725362,-0.04541519426990562,-0.02325306959617053,0.10654066978862783
data_Haddara_unpub,RF,correct trials,correct trials,"T-3,T-2,T-1",221.0,0.6610948950763046,359.7923250564334,0.013487966643546363,0.016567625675840116,0.04571305929629156,,,,,,,,,,,,,,,
data_Haddara_unpub,RF,correct trials,correct trials,"T-7,T-6,T-5",221.0,0.6262228223994551,359.7923250564334,0.014905195348689828,0.015121681399763057,0.021378692825768812,,,,,,,,,,,,,,,
data_Haddara_unpub,RF,correct trials,incorrect trials,"T-3,T-2,T-1",221.0,0.6542267676158394,113.20767494356659,0.014012353947970912,0.016110233838340232,0.03784715218692288,,,,,,,,,,,,,,,
data_Haddara_unpub,RF,correct trials,incorrect trials,"T-7,T-6,T-5",221.0,0.6220961219722811,113.20767494356659,0.012162267365958055,0.013814434858681368,0.019694490157915957,,,,,,,,,,,,,,,
data_Haddara_unpub,RF,incorrect trials,correct trials,"T-3,T-2,T-1",221.0,0.660737010774296,359.7923250564334,0.013645999701104012,0.016773310729416135,0.04632995925356908,,,,,,,,,,,,,,,
data_Haddara_unpub,RF,incorrect trials,correct trials,"T-7,T-6,T-5",221.0,0.6261778933355999,359.7923250564334,0.015560897333623707,0.014706162679902124,0.021996149428737195,,,,,,,,,,,,,,,
data_Haddara_unpub,RF,incorrect trials,incorrect trials,"T-3,T-2,T-1",221.0,0.6535267811384639,113.20767494356659,0.014948737479601086,0.01630075730453707,0.03855148583359771,,,,,,,,,,,,,,,
data_Haddara_unpub,RF,incorrect trials,incorrect trials,"T-7,T-6,T-5",221.0,0.6235351762429202,113.20767494356659,0.013574527356895278,0.013551487306463623,0.021134296774744363,,,,,,,,,,,,,,,
data_Haddara_unpub,RNN,correct trials,correct trials,"T-3,T-2,T-1",221.0,0.6942837668616622,16082.920993227992,,,,0.047909547957520365,0.06176617040921556,0.0632277181368581,,,,,,,,,,,,
data_Haddara_unpub,RNN,correct trials,correct trials,"T-7,T-6,T-5",221.0,0.6649848452873139,16082.920993227992,,,,0.044228658248154286,0.06252274931479812,0.06882689180195281,,,,,,,,,,,,
data_Haddara_unpub,RNN,correct trials,incorrect trials,"T-3,T-2,T-1",221.0,0.6190199044595969,113.20767494356659,,,,0.05677676228538332,0.07299698651964044,0.07763198857538878,,,,,,,,,,,,
data_Haddara_unpub,RNN,correct trials,incorrect trials,"T-7,T-6,T-5",221.0,0.5929521612882347,113.20767494356659,,,,0.052710842400837614,0.07468964056225923,0.08236956009199806,,,,,,,,,,,,
data_Haddara_unpub,RNN,incorrect trials,correct trials,"T-3,T-2,T-1",221.0,0.6441527312769681,359.7923250564334,,,,0.040778024130290025,0.05476294800334942,0.0578330566531886,,,,,,,,,,,,
data_Haddara_unpub,RNN,incorrect trials,correct trials,"T-7,T-6,T-5",221.0,0.6101402209484826,359.7923250564334,,,,0.0411097855664817,0.05909931890172245,0.06563086175890552,,,,,,,,,,,,
data_Haddara_unpub,RNN,incorrect trials,incorrect trials,"T-3,T-2,T-1",221.0,0.6776674249316365,5060.579006772009,,,,0.04787429547280022,0.06377868272136696,0.0693342126130692,,,,,,,,,,,,
data_Haddara_unpub,RNN,incorrect trials,incorrect trials,"T-7,T-6,T-5",221.0,0.6551549974342387,5060.579006772009,,,,0.04808670215714148,0.06872392584068877,0.07614915746103333,,,,,,,,,,,,
data_Haddara_unpub,SVM,correct trials,correct trials,"T-3,T-2,T-1",221.0,0.642861079043904,359.7923250564334,,,,,,,-0.11555862088644177,-0.0970454472788981,-0.004299539476090196,0.19041298890412853,-0.1271307998738711,-0.08954189164821773,-0.003153203303182546,0.18817651782233602,-0.17115290621202126,-0.12539087026860898,-0.006137819387414309,0.25860076652760183
data_Haddara_unpub,SVM,correct trials,correct trials,"T-7,T-6,T-5",221.0,0.6078552654970683,359.7923250564334,,,,,,,-0.12466436735318036,-0.09439213548589731,-0.0029765171753810705,0.1840543459855893,-0.12247502735120905,-0.09235626931357005,-0.00042823537042476325,0.17652165952827742,-0.1268108512538919,-0.10719710852403679,-0.0022808154539578555,0.1968850478097695
data_Haddara_unpub,SVM,correct trials,incorrect trials,"T-3,T-2,T-1",221.0,0.6146498455633601,113.20767494356659,,,,,,,-0.11555862088644177,-0.0970454472788981,-0.004299539476090196,0.19041298890412853,-0.1271307998738711,-0.08954189164821773,-0.003153203303182546,0.18817651782233602,-0.17115290621202126,-0.12539087026860898,-0.006137819387414309,0.25860076652760183
data_Haddara_unpub,SVM,correct trials,incorrect trials,"T-7,T-6,T-5",221.0,0.5854931189071879,113.20767494356659,,,,,,,-0.12466436735318036,-0.09439213548589731,-0.0029765171753810705,0.1840543459855893,-0.12247502735120905,-0.09235626931357005,-0.00042823537042476325,0.17652165952827742,-0.1268108512538919,-0.10719710852403679,-0.0022808154539578555,0.1968850478097695
data_Haddara_unpub,SVM,incorrect trials,correct trials,"T-3,T-2,T-1",221.0,0.64267553247646,359.7923250564334,,,,,,,-0.11287107732548497,-0.10096778654881529,-0.0008356008984378444,0.18811469951382928,-0.12846159352600195,-0.08569421476620964,-0.008534097350869683,0.19039641313501537,-0.17336368738891597,-0.1289532764266643,-0.0038406175894037976,0.26027116282949037
data_Haddara_unpub,SVM,incorrect trials,correct trials,"T-7,T-6,T-5",221.0,0.6079689747296173,359.7923250564334,,,,,,,-0.12639133751889708,-0.09576098911017782,-0.004466983411000326,0.18911402565738655,-0.1152634883177974,-0.09841339921460077,0.0009758426506780247,0.1756925375597364,-0.13529222466838878,-0.10842761289963004,-0.0007317514803795206,0.20243667069716126
data_Haddara_unpub,SVM,incorrect trials,incorrect trials,"T-3,T-2,T-1",221.0,0.6146943943424193,113.20767494356659,,,,,,,-0.11287107732548497,-0.10096778654881529,-0.0008356008984378444,0.18811469951382928,-0.12846159352600195,-0.08569421476620964,-0.008534097350869683,0.19039641313501537,-0.17336368738891597,-0.1289532764266643,-0.0038406175894037976,0.26027116282949037
data_Haddara_unpub,SVM,incorrect trials,incorrect trials,"T-7,T-6,T-5",221.0,0.5856908497437057,113.20767494356659,,,,,,,-0.12639133751889708,-0.09576098911017782,-0.004466983411000326,0.18911402565738655,-0.1152634883177974,-0.09841339921460077,0.0009758426506780247,0.1756925375597364,-0.13529222466838878,-0.10842761289963004,-0.0007317514803795206,0.20243667069716126
data_Koculak_unpub,RF,correct trials,correct trials,"T-3,T-2,T-1",26.5,0.6309949931419233,84.42592592592592,0.00881944302694825,0.014140427763800267,0.02859793270008535,,,,,,,,,,,,,,,
data_Koculak_unpub,RF,correct trials,correct trials,"T-7,T-6,T-5",26.5,0.6053616884027966,84.42592592592592,3.128649548286728e-05,0.015470986670580354,0.012645445644470255,,,,,,,,,,,,,,,
data_Koculak_unpub,RF,correct trials,incorrect trials,"T-3,T-2,T-1",26.5,0.6068361539542418,544.9074074074074,0.014582737240791243,0.017107002452336866,0.03405579388280854,,,,,,,,,,,,,,,
data_Koculak_unpub,RF,correct trials,incorrect trials,"T-7,T-6,T-5",26.5,0.5741538053135786,544.9074074074074,0.007005593707468714,0.01341065943491496,0.010863009117680162,,,,,,,,,,,,,,,
data_Koculak_unpub,RF,incorrect trials,correct trials,"T-3,T-2,T-1",26.5,0.638692300726162,84.42592592592592,0.012905271069706415,0.010974525480430394,0.032440080235979524,,,,,,,,,,,,,,,
data_Koculak_unpub,RF,incorrect trials,correct trials,"T-7,T-6,T-5",26.5,0.6096183611417337,84.42592592592592,0.006532172789785094,0.011180909192483298,0.017344760841177156,,,,,,,,,,,,,,,
data_Koculak_unpub,RF,incorrect trials,incorrect trials,"T-3,T-2,T-1",26.5,0.6097630094078184,544.9074074074074,0.014536277310291099,0.013629593082478334,0.03333838171755231,,,,,,,,,,,,,,,
data_Koculak_unpub,RF,incorrect trials,incorrect trials,"T-7,T-6,T-5",26.5,0.5796052802133815,544.9074074074074,0.007675172735812125,0.013594255487173992,0.013879073443615464,,,,,,,,,,,,,,,
data_Koculak_unpub,RNN,correct trials,correct trials,"T-3,T-2,T-1",26.5,0.6606520373447989,489.9074074074074,,,,0.07433395634870975,0.1136502726197553,0.13201006597201165,,,,,,,,,,,,
data_Koculak_unpub,RNN,correct trials,correct trials,"T-7,T-6,T-5",26.5,0.6380035283741023,489.9074074074074,,,,0.07920384934361746,0.12258160478948545,0.1445696712546999,,,,,,,,,,,,
data_Koculak_unpub,RNN,correct trials,incorrect trials,"T-3,T-2,T-1",26.5,0.5997337434686071,544.9074074074074,,,,0.07503488877167304,0.11300907955780902,0.13241013755194014,,,,,,,,,,,,
data_Koculak_unpub,RNN,correct trials,incorrect trials,"T-7,T-6,T-5",26.5,0.571536602071801,544.9074074074074,,,,0.07632747029937388,0.11865813567958496,0.14155103230021066,,,,,,,,,,,,
data_Koculak_unpub,RNN,incorrect trials,correct trials,"T-3,T-2,T-1",26.5,0.6193386265133476,84.42592592592592,,,,0.03733009596234532,0.055185322886919255,0.06209942676920307,,,,,,,,,,,,
data_Koculak_unpub,RNN,incorrect trials,correct trials,"T-7,T-6,T-5",26.5,0.5930150528140684,84.42592592592592,,,,0.03540734053132366,0.05364953026313473,0.06093615999324594,,,,,,,,,,,,
data_Koculak_unpub,RNN,incorrect trials,incorrect trials,"T-3,T-2,T-1",26.5,0.6564610976500633,3160.6666666666665,,,,0.03923735245889811,0.05568084494141793,0.0625121187315219,,,,,,,,,,,,
data_Koculak_unpub,RNN,incorrect trials,incorrect trials,"T-7,T-6,T-5",26.5,0.6316600861866283,3160.6666666666665,,,,0.03278957101887229,0.049352061297718644,0.058320353350912534,,,,,,,,,,,,
data_Koculak_unpub,SVM,correct trials,correct trials,"T-3,T-2,T-1",26.5,0.6257636622524173,84.42592592592592,,,,,,,-0.11833181665484496,-0.10252421269422776,0.04577269862558597,0.13585904023010154,-0.09748894132018035,-0.11084791985014311,0.039200369559168786,0.13947313993158184,-0.1473496079450617,-0.12577234801988468,0.01947386717553244,0.21170751573261135
data_Koculak_unpub,SVM,correct trials,correct trials,"T-7,T-6,T-5",26.5,0.5907046006163623,84.42592592592592,,,,,,,-0.11527303813511347,-0.09993468979075261,0.04141805562674891,0.12925853040351118,-0.09907984354272431,-0.11069623887262231,0.03339797390448188,0.13999672942884395,-0.12269879286197583,-0.11042184038861437,0.039152744471599325,0.14668833766577302
data_Koculak_unpub,SVM,correct trials,incorrect trials,"T-3,T-2,T-1",26.5,0.6052866500697502,544.9074074074074,,,,,,,-0.11833181665484496,-0.10252421269422776,0.04577269862558597,0.13585904023010154,-0.09748894132018035,-0.11084791985014311,0.039200369559168786,0.13947313993158184,-0.1473496079450617,-0.12577234801988468,0.01947386717553244,0.21170751573261135
data_Koculak_unpub,SVM,correct trials,incorrect trials,"T-7,T-6,T-5",26.5,0.5685669560811439,544.9074074074074,,,,,,,-0.11527303813511347,-0.09993468979075261,0.04141805562674891,0.12925853040351118,-0.09907984354272431,-0.11069623887262231,0.03339797390448188,0.13999672942884395,-0.12269879286197583,-0.11042184038861437,0.039152744471599325,0.14668833766577302
data_Koculak_unpub,SVM,incorrect trials,correct trials,"T-3,T-2,T-1",26.5,0.625803481592498,84.42592592592592,,,,,,,-0.12017046657459923,-0.10307476287213344,0.04778065113438955,0.1352581366259913,-0.09816245550419044,-0.11079398516929327,0.036046938437717925,0.14379650570003213,-0.14191268882297658,-0.12745821200788832,0.01734834412085607,0.21174321803693605
data_Koculak_unpub,SVM,incorrect trials,correct trials,"T-7,T-6,T-5",26.5,0.5914433682479084,84.42592592592592,,,,,,,-0.11438180512797878,-0.10400707995775813,0.04241252445162278,0.13200905063947715,-0.10219864094857882,-0.10622100489449002,0.02976706544307708,0.14179184202669554,-0.12058369680413955,-0.11267432600414663,0.038093370743201835,0.14918757049311734
data_Koculak_unpub,SVM,incorrect trials,incorrect trials,"T-3,T-2,T-1",26.5,0.6056016149811829,544.9074074074074,,,,,,,-0.12017046657459923,-0.10307476287213344,0.04778065113438955,0.1352581366259913,-0.09816245550419044,-0.11079398516929327,0.036046938437717925,0.14379650570003213,-0.14191268882297658,-0.12745821200788832,0.01734834412085607,0.21174321803693605
data_Koculak_unpub,SVM,incorrect trials,incorrect trials,"T-7,T-6,T-5",26.5,0.56810412546432,544.9074074074074,,,,,,,-0.11438180512797878,-0.10400707995775813,0.04241252445162278,0.13200905063947715,-0.10219864094857882,-0.10622100489449002,0.02976706544307708,0.14179184202669554,-0.12058369680413955,-0.11267432600414663,0.038093370743201835,0.14918757049311734
data_Law_unpub,RF,correct trials,correct trials,"T-3,T-2,T-1",7.5,0.7386982430222542,832.1875,0.019787010025635352,0.03360653542497305,0.13889484165972674,,,,,,,,,,,,,,,
data_Law_unpub,RF,correct trials,correct trials,"T-7,T-6,T-5",7.5,0.6054942043166984,832.1875,0.017492241707076202,0.020603229999545183,0.03475869574443529,,,,,,,,,,,,,,,
data_Law_unpub,RF,correct trials,incorrect trials,"T-3,T-2,T-1",7.5,0.7453573186789767,360.8125,0.017898953403641994,0.031660065498455556,0.12949592205451363,,,,,,,,,,,,,,,
data_Law_unpub,RF,correct trials,incorrect trials,"T-7,T-6,T-5",7.5,0.6226320469038507,360.8125,0.02922576002169658,0.02609514802713069,0.03193159771195445,,,,,,,,,,,,,,,
data_Law_unpub,RF,incorrect trials,correct trials,"T-3,T-2,T-1",7.5,0.7334447713501987,832.1875,0.023703349997082075,0.03740378707663525,0.13607331942289233,,,,,,,,,,,,,,,
data_Law_unpub,RF,incorrect trials,correct trials,"T-7,T-6,T-5",7.5,0.6021882315638112,832.1875,0.02310813079978811,0.018643666187741083,0.033140836220179465,,,,,,,,,,,,,,,
data_Law_unpub,RF,incorrect trials,incorrect trials,"T-3,T-2,T-1",7.5,0.742830737892693,360.8125,0.02232367892117899,0.03482839233684551,0.12785516935093857,,,,,,,,,,,,,,,
data_Law_unpub,RF,incorrect trials,incorrect trials,"T-7,T-6,T-5",7.5,0.6132157015479813,360.8125,0.02603968663128342,0.02450346693946454,0.02853880773114363,,,,,,,,,,,,,,,
data_Law_unpub,RNN,correct trials,correct trials,"T-3,T-2,T-1",7.5,0.7189925516331422,1664.53125,,,,0.19315707695204765,0.26990468986332417,0.2976057827472687,,,,,,,,,,,,
data_Law_unpub,RNN,correct trials,correct trials,"T-7,T-6,T-5",7.5,0.6180834271613418,1664.53125,,,,0.1784023884392809,0.29004316532518715,0.345437681855401,,,,,,,,,,,,
data_Law_unpub,RNN,correct trials,incorrect trials,"T-3,T-2,T-1",7.5,0.6916996187124577,360.8125,,,,0.2039758099708706,0.2804301713476889,0.3206297820433974,,,,,,,,,,,,
data_Law_unpub,RNN,correct trials,incorrect trials,"T-7,T-6,T-5",7.5,0.5901300825865503,360.8125,,,,0.18214679951779544,0.29584895307198167,0.3551127724349499,,,,,,,,,,,,
data_Law_unpub,RNN,incorrect trials,correct trials,"T-3,T-2,T-1",7.5,0.6730390475630952,832.1875,,,,0.18700141506269574,0.2839678511954844,0.32617707969620824,,,,,,,,,,,,
data_Law_unpub,RNN,incorrect trials,correct trials,"T-7,T-6,T-5",7.5,0.5801266062886976,832.1875,,,,0.189285073953215,0.3075092403450981,0.3641188685869565,,,,,,,,,,,,
data_Law_unpub,RNN,incorrect trials,incorrect trials,"T-3,T-2,T-1",7.5,0.7039158922783324,721.8125,,,,0.18927666009403765,0.28397436381783336,0.3328300443245098,,,,,,,,,,,,
data_Law_unpub,RNN,incorrect trials,incorrect trials,"T-7,T-6,T-5",7.5,0.6251014086763933,721.8125,,,,0.1896162435878068,0.3066609064117074,0.3634241290856153,,,,,,,,,,,,
data_Law_unpub,SVM,correct trials,correct trials,"T-3,T-2,T-1",7.5,0.7071703727666848,832.1875,,,,,,,-0.057434799621339835,-0.06398747963326781,-0.0057562951590316505,0.18807644391213385,-0.100932663952157,-0.063000511146428,0.03381934616559789,0.1913135398246772,-0.23988753133259716,-0.10370909696080265,0.10242452581642085,0.3638336907978032
data_Law_unpub,SVM,correct trials,correct trials,"T-7,T-6,T-5",7.5,0.587314531329561,832.1875,,,,,,,-0.06163341961134685,-0.054428322419675663,0.007189479222353093,0.15184138646890696,-0.07140158382655029,-0.05492115675843647,0.023038807630115964,0.14448408012120514,-0.10246795663957689,-0.07383524915958024,0.02912060238778683,0.20452376465008004
data_Law_unpub,SVM,correct trials,incorrect trials,"T-3,T-2,T-1",7.5,0.7151029953619971,360.8125,,,,,,,-0.057434799621339835,-0.06398747963326781,-0.0057562951590316505,0.18807644391213385,-0.100932663952157,-0.063000511146428,0.03381934616559789,0.1913135398246772,-0.23988753133259716,-0.10370909696080265,0.10242452581642085,0.3638336907978032
data_Law_unpub,SVM,correct trials,incorrect trials,"T-7,T-6,T-5",7.5,0.6005811951638377,360.8125,,,,,,,-0.06163341961134685,-0.054428322419675663,0.007189479222353093,0.15184138646890696,-0.07140158382655029,-0.05492115675843647,0.023038807630115964,0.14448408012120514,-0.10246795663957689,-0.07383524915958024,0.02912060238778683,0.20452376465008004
data_Law_unpub,SVM,incorrect trials,correct trials,"T-3,T-2,T-1",7.5,0.7010899304834877,832.1875,,,,,,,-0.03796867220238962,-0.0735712932611655,-0.015193911003655462,0.19727747828883446,-0.11317835615422757,-0.05549667480680795,0.05394711272071479,0.17290389852792792,-0.23515329001084012,-0.1001294986041092,0.09417950511905697,0.375996172126477
data_Law_unpub,SVM,incorrect trials,correct trials,"T-7,T-6,T-5",7.5,0.58868315578997,832.1875,,,,,,,-0.057801035345121335,-0.058903605950941205,0.004560267569332624,0.16284678182603496,-0.061062678317674486,-0.05481131496660213,0.006718416387345793,0.15844369287561288,-0.11853090966202523,-0.0704611593863558,0.04417240914749079,0.20838093547857583
data_Law_unpub,SVM,incorrect trials,incorrect trials,"T-3,T-2,T-1",7.5,0.709902564911734,360.8125,,,,,,,-0.03796867220238962,-0.0735712932611655,-0.015193911003655462,0.19727747828883446,-0.11317835615422757,-0.05549667480680795,0.05394711272071479,0.17290389852792792,-0.23515329001084012,-0.1001294986041092,0.09417950511905697,0.375996172126477
data_Law_unpub,SVM,incorrect trials,incorrect trials,"T-7,T-6,T-5",7.5,0.6030024050068707,360.8125,,,,,,,-0.057801035345121335,-0.058903605950941205,0.004560267569332624,0.16284678182603496,-0.061062678317674486,-0.05481131496660213,0.006718416387345793,0.15844369287561288,-0.11853090966202523,-0.0704611593863558,0.04417240914749079,0.20838093547857583
data_Maniscalco_2017_expt1,RF,correct trials,correct trials,"T-3,T-2,T-1",14.5,0.6924602015064906,760.2,0.012732230124347673,0.018381893539952416,0.08203132886883487,,,,,,,,,,,,,,,
data_Maniscalco_2017_expt1,RF,correct trials,correct trials,"T-7,T-6,T-5",14.5,0.6118749913550554,760.2,0.011642830650023793,0.01380357934711088,0.016895678562595648,,,,,,,,,,,,,,,
data_Maniscalco_2017_expt1,RF,correct trials,incorrect trials,"T-3,T-2,T-1",14.931034482758621,0.6619358086505701,201.75862068965517,0.010624432244025464,0.016657254237852994,0.0573870240057519,,,,,,,,,,,,,,,
data_Maniscalco_2017_expt1,RF,correct trials,incorrect trials,"T-7,T-6,T-5",14.931034482758621,0.5955550554764544,201.75862068965517,0.011012387811150144,0.011581834015115151,0.014119843269133004,,,,,,,,,,,,,,,
data_Maniscalco_2017_expt1,RF,incorrect trials,correct trials,"T-3,T-2,T-1",14.5,0.6900879401514503,760.2,0.01654819515537408,0.023471935008240945,0.08108997505115692,,,,,,,,,,,,,,,
data_Maniscalco_2017_expt1,RF,incorrect trials,correct trials,"T-7,T-6,T-5",14.5,0.6102786553125075,760.2,0.01510558266550322,0.015529315002719668,0.021253116132215796,,,,,,,,,,,,,,,
data_Maniscalco_2017_expt1,RF,incorrect trials,incorrect trials,"T-3,T-2,T-1",14.931034482758621,0.6597919097110483,201.75862068965517,0.016263243680002842,0.01893438975224858,0.052857428683868404,,,,,,,,,,,,,,,
data_Maniscalco_2017_expt1,RF,incorrect trials,incorrect trials,"T-7,T-6,T-5",14.931034482758621,0.5926011309272518,201.75862068965517,0.00958986177767956,0.006923911609996434,0.016799273147177038,,,,,,,,,,,,,,,
data_Maniscalco_2017_expt1,RNN,correct trials,correct trials,"T-3,T-2,T-1",14.5,0.7191094049167481,2584.866666666667,,,,0.17624548288683098,0.21392661333084106,0.2241587195545435,,,,,,,,,,,,
data_Maniscalco_2017_expt1,RNN,correct trials,correct trials,"T-7,T-6,T-5",14.5,0.6584563368785374,2584.866666666667,,,,0.1740466037260679,0.24174857235047967,0.27287849634109684,,,,,,,,,,,,
data_Maniscalco_2017_expt1,RNN,correct trials,incorrect trials,"T-3,T-2,T-1",14.931034482758621,0.6444606111633477,201.75862068965517,,,,0.22089877743916264,0.27315412140611944,0.2828915179546537,,,,,,,,,,,,
data_Maniscalco_2017_expt1,RNN,correct trials,incorrect trials,"T-7,T-6,T-5",14.931034482758621,0.5939311490038224,201.75862068965517,,,,0.1954798766187039,0.27847979917865373,0.3147409301379631,,,,,,,,,,,,
data_Maniscalco_2017_expt1,RNN,incorrect trials,correct trials,"T-3,T-2,T-1",14.5,0.670113715351415,760.2,,,,0.16785723275194567,0.2219271546850602,0.24328291242321332,,,,,,,,,,,,
data_Maniscalco_2017_expt1,RNN,incorrect trials,correct trials,"T-7,T-6,T-5",14.5,0.6002495208319295,760.2,,,,0.16886864920767644,0.2439379583345726,0.2800846329579751,,,,,,,,,,,,
data_Maniscalco_2017_expt1,RNN,incorrect trials,incorrect trials,"T-3,T-2,T-1",14.711864406779661,0.700333689728383,674.542372881356,,,,0.19113109655820337,0.25376329446528145,0.27586553187377877,,,,,,,,,,,,
data_Maniscalco_2017_expt1,RNN,incorrect trials,incorrect trials,"T-7,T-6,T-5",14.711864406779661,0.6504650592512449,674.542372881356,,,,0.17927594194030863,0.2621277633391447,0.30022534288039776,,,,,,,,,,,,
data_Maniscalco_2017_expt1,SVM,correct trials,correct trials,"T-3,T-2,T-1",14.5,0.671249201252479,760.2,,,,,,,-0.15018175753996552,-0.0370291947358026,0.030400132296130655,0.19986578995117352,-0.13944192065771063,-0.057428445815647246,0.02967381470380265,0.21271862441985115,-0.23813949566198359,-0.07903437803983342,0.05219137933448771,0.3465366618439378
data_Maniscalco_2017_expt1,SVM,correct trials,correct trials,"T-7,T-6,T-5",14.5,0.5978465430761465,760.2,,,,,,,-0.13579541672877934,-0.03717070129397672,0.029011651005502237,0.17841140070708822,-0.13672004988011108,-0.040079491468282526,0.02330388143493832,0.18953991087281083,-0.14881429143732977,-0.06286830546290759,0.039420213862958804,0.2105845464638648
data_Maniscalco_2017_expt1,SVM,correct trials,incorrect trials,"T-3,T-2,T-1",14.931034482758621,0.6526171373666458,201.75862068965517,,,,,,,-0.1504348418370244,-0.03720370835008289,0.029846980604191185,0.20088618190473723,-0.13942029560713037,-0.05776734997858503,0.029146506023088586,0.2135743485553663,-0.23840936318944841,-0.07931993715592496,0.051795740766920464,0.34749338039483646
data_Maniscalco_2017_expt1,SVM,correct trials,incorrect trials,"T-7,T-6,T-5",14.931034482758621,0.5910189154806207,201.75862068965517,,,,,,,-0.13561102598522157,-0.03753508855959124,0.02827066833314688,0.17937339250562395,-0.1370708051516071,-0.04019370434755708,0.022975997150600617,0.19040132752539518,-0.14901228859251708,-0.06331111763769333,0.03901324134133615,0.2116955254545184
data_Maniscalco_2017_expt1,SVM,incorrect trials,correct trials,"T-3,T-2,T-1",14.5,0.6718618406457495,760.2,,,,,,,-0.15259432100135767,-0.0426869854110785,0.031815240893698464,0.20949361606768763,-0.1398507903225456,-0.053575084836235506,0.02889643074698091,0.2034233924555492,-0.24488921323316276,-0.08705908656635562,0.053807328808265366,0.35959313360855877
data_Maniscalco_2017_expt1,SVM,incorrect trials,correct trials,"T-7,T-6,T-5",14.5,0.5972979650990314,760.2,,,,,,,-0.1442132020990577,-0.029561989681619973,0.025307362354583203,0.17984955382131892,-0.12413052428828321,-0.039888555458201844,0.012162889441901576,0.18055276808788176,-0.16297860871447983,-0.06482893078243555,0.051405706727370236,0.21186498563035358
data_Maniscalco_2017_expt1,SVM,incorrect trials,incorrect trials,"T-3,T-2,T-1",14.931034482758621,0.6518980449454561,201.75862068965517,,,,,,,-0.15233990018319707,-0.043327096360451456,0.031248845828900428,0.21034954922117938,-0.14055392832793553,-0.05356601224383564,0.028560447324559382,0.20441580681132218,-0.24509059980397005,-0.08755219437405125,0.052794400442634296,0.361259770007654
data_Maniscalco_2017_expt1,SVM,incorrect trials,incorrect trials,"T-7,T-6,T-5",14.931034482758621,0.5888919446767094,201.75862068965517,,,,,,,-0.14561207433440074,-0.02966897908905083,0.025511953621844625,0.18114635264683193,-0.12347057665654212,-0.04082508331874431,0.011128838127056794,0.18147524330847856,-0.1630484481743284,-0.06483401954345545,0.050517568921527506,0.2124715497690355
data_Maniscalco_2017_expt2,RF,correct trials,correct trials,"T-3,T-2,T-1",20.0,0.6292644796656486,353.5121951219512,0.008839192256726216,0.009698113741363394,0.07539489837370049,,,,,,,,,,,,,,,
data_Maniscalco_2017_expt2,RF,correct trials,correct trials,"T-7,T-6,T-5",20.0,0.5739234510357035,353.5121951219512,0.016634171892133176,0.01367126109783538,0.02246754553824222,,,,,,,,,,,,,,,
data_Maniscalco_2017_expt2,RF,correct trials,incorrect trials,"T-3,T-2,T-1",20.0,0.6666860484573047,139.6829268292683,0.01335731403496691,0.018220184242571616,0.07995359792754968,,,,,,,,,,,,,,,
data_Maniscalco_2017_expt2,RF,correct trials,incorrect trials,"T-7,T-6,T-5",20.0,0.596151169815518,139.6829268292683,0.010159216060083479,0.011243440053640787,0.016232625795558876,,,,,,,,,,,,,,,
data_Maniscalco_2017_expt2,RF,incorrect trials,correct trials,"T-3,T-2,T-1",20.0,0.6240833063761035,353.5121951219512,0.009929734126695662,0.011382570038576751,0.07710724511023964,,,,,,,,,,,,,,,
data_Maniscalco_2017_expt2,RF,incorrect trials,correct trials,"T-7,T-6,T-5",20.0,0.567614651469632,353.5121951219512,0.0156673910426439,0.016235742987874557,0.021516219512532908,,,,,,,,,,,,,,,
data_Maniscalco_2017_expt2,RF,incorrect trials,incorrect trials,"T-3,T-2,T-1",20.0,0.6657462405905592,139.6829268292683,0.018905274451148545,0.019301650205611236,0.0808511316048563,,,,,,,,,,,,,,,
data_Maniscalco_2017_expt2,RF,incorrect trials,incorrect trials,"T-7,T-6,T-5",20.0,0.5980709083711551,139.6829268292683,0.011290515463418135,0.014930933450324832,0.020183098551679206,,,,,,,,,,,,,,,
data_Maniscalco_2017_expt2,RNN,correct trials,correct trials,"T-3,T-2,T-1",20.0,0.6427769988770862,1591.0121951219512,,,,0.14151287367340268,0.20206169870386764,0.23038491581725637,,,,,,,,,,,,
data_Maniscalco_2017_expt2,RNN,correct trials,correct trials,"T-7,T-6,T-5",20.0,0.596230537715114,1591.0121951219512,,,,0.1384655392229012,0.2234575686544725,0.2728744274368737,,,,,,,,,,,,
data_Maniscalco_2017_expt2,RNN,correct trials,incorrect trials,"T-3,T-2,T-1",20.0,0.6574764944700546,139.6829268292683,,,,0.14939029245614643,0.2097029723227024,0.23704762466070128,,,,,,,,,,,,
data_Maniscalco_2017_expt2,RNN,correct trials,incorrect trials,"T-7,T-6,T-5",20.0,0.5945850994401037,139.6829268292683,,,,0.14290296826965926,0.23372450161997865,0.2836278898914049,,,,,,,,,,,,
data_Maniscalco_2017_expt2,RNN,incorrect trials,correct trials,"T-3,T-2,T-1",20.0,0.5990632363924977,353.5121951219512,,,,0.15254363749267125,0.2328769597338467,0.2754979544523649,,,,,,,,,,,,
data_Maniscalco_2017_expt2,RNN,incorrect trials,correct trials,"T-7,T-6,T-5",20.0,0.5563918916909744,353.5121951219512,,,,0.14407746121287343,0.23641488939614558,0.28972477381821815,,,,,,,,,,,,
data_Maniscalco_2017_expt2,RNN,incorrect trials,incorrect trials,"T-3,T-2,T-1",20.0,0.6459974291355183,628.7926829268292,,,,0.15711509584017644,0.23760578713220795,0.27866993362947207,,,,,,,,,,,,
data_Maniscalco_2017_expt2,RNN,incorrect trials,incorrect trials,"T-7,T-6,T-5",20.0,0.6124801121259709,628.7926829268292,,,,0.14874883713882145,0.245904100104803,0.299489831370188,,,,,,,,,,,,
data_Maniscalco_2017_expt2,SVM,correct trials,correct trials,"T-3,T-2,T-1",20.0,0.6157069532078047,353.5121951219512,,,,,,,-0.09781418091624064,-0.026046897061020032,0.04501099116743192,0.12195954132095808,-0.08915971423511072,-0.02394400777113819,0.030057605024669556,0.12337340974507635,-0.19303442786454525,-0.03223390078263711,0.05653948615670953,0.24885779930542387
data_Maniscalco_2017_expt2,SVM,correct trials,correct trials,"T-7,T-6,T-5",20.0,0.5549771094962201,353.5121951219512,,,,,,,-0.09267035958033133,-0.028432853700101852,0.02946435319570817,0.1320171292935022,-0.09359147898157592,-0.014846722665996672,0.03305085599655802,0.11198826086461308,-0.11470189407121216,-0.034226098813696294,0.051893764209248634,0.14457773008074926
data_Maniscalco_2017_expt2,SVM,correct trials,incorrect trials,"T-3,T-2,T-1",20.0,0.6651825432151018,139.6829268292683,,,,,,,-0.09781418091624064,-0.026046897061020032,0.04501099116743192,0.12195954132095808,-0.08915971423511072,-0.02394400777113819,0.030057605024669556,0.12337340974507635,-0.19303442786454525,-0.03223390078263711,0.05653948615670953,0.24885779930542387
data_Maniscalco_2017_expt2,SVM,correct trials,incorrect trials,"T-7,T-6,T-5",20.0,0.5872164167965108,139.6829268292683,,,,,,,-0.09267035958033133,-0.028432853700101852,0.02946435319570817,0.1320171292935022,-0.09359147898157592,-0.014846722665996672,0.03305085599655802,0.11198826086461308,-0.11470189407121216,-0.034226098813696294,0.051893764209248634,0.14457773008074926
data_Maniscalco_2017_expt2,SVM,incorrect trials,correct trials,"T-3,T-2,T-1",20.0,0.6140897840012051,353.5121951219512,,,,,,,-0.08906901968867555,-0.020294591114127673,0.04285220291255601,0.10687167027176193,-0.07659416084764131,-0.02835357693101563,0.028061537978629505,0.11553922585436291,-0.19299115459687763,-0.03361902153431633,0.06115301166251112,0.24883388538867704
data_Maniscalco_2017_expt2,SVM,incorrect trials,correct trials,"T-7,T-6,T-5",20.0,0.5564839752559142,353.5121951219512,,,,,,,-0.09226871666376721,-0.03290226883505682,0.028911441552076877,0.13932325686022107,-0.09218565297506628,-0.027225721135364096,0.044174540910654835,0.11360069365216693,-0.11568276139334702,-0.014780796736364695,0.0349486052778125,0.14364787473275603
data_Maniscalco_2017_expt2,SVM,incorrect trials,incorrect trials,"T-3,T-2,T-1",20.0,0.6632621260727706,139.6829268292683,,,,,,,-0.08906901968867555,-0.020294591114127673,0.04285220291255601,0.10687167027176193,-0.07659416084764131,-0.02835357693101563,0.028061537978629505,0.11553922585436291,-0.19299115459687763,-0.03361902153431633,0.06115301166251112,0.24883388538867704
data_Maniscalco_2017_expt2,SVM,incorrect trials,incorrect trials,"T-7,T-6,T-5",20.0,0.5950742215996792,139.6829268292683,,,,,,,-0.09226871666376721,-0.03290226883505682,0.028911441552076877,0.13932325686022107,-0.09218565297506628,-0.027225721135364096,0.044174540910654835,0.11360069365216693,-0.11568276139334702,-0.014780796736364695,0.0349486052778125,0.14364787473275603
data_Maniscalco_2017_expt3,RF,correct trials,correct trials,"T-3,T-2,T-1",10.0,0.6844914793367443,496.0952380952381,0.01789574570380493,0.01573092211088048,0.08516478507907523,,,,,,,,,,,,,,,
data_Maniscalco_2017_expt3,RF,correct trials,correct trials,"T-7,T-6,T-5",10.0,0.6041774187038148,496.0952380952381,0.012717770940085457,0.013115672220354998,0.023165026437975876,,,,,,,,,,,,,,,
data_Maniscalco_2017_expt3,RF,correct trials,incorrect trials,"T-3,T-2,T-1",10.0,0.6804736806391813,124.85714285714286,0.019529681093983228,0.006985323465222066,0.05814890196539166,,,,,,,,,,,,,,,
data_Maniscalco_2017_expt3,RF,correct trials,incorrect trials,"T-7,T-6,T-5",10.0,0.6425469768542482,124.85714285714286,0.014383654966560779,0.016339037714576003,0.03009020780345165,,,,,,,,,,,,,,,
data_Maniscalco_2017_expt3,RF,incorrect trials,correct trials,"T-3,T-2,T-1",10.0,0.671255015539022,496.0952380952381,0.015970628279891215,0.01851737706270184,0.08380340683369256,,,,,,,,,,,,,,,
data_Maniscalco_2017_expt3,RF,incorrect trials,correct trials,"T-7,T-6,T-5",10.0,0.594805103556958,496.0952380952381,0.010842798841368332,0.012952929675534516,0.018955020110366736,,,,,,,,,,,,,,,
data_Maniscalco_2017_expt3,RF,incorrect trials,incorrect trials,"T-3,T-2,T-1",10.0,0.6722200427899634,124.85714285714286,0.02461014945962496,0.013783352446793577,0.06262907319041539,,,,,,,,,,,,,,,
data_Maniscalco_2017_expt3,RF,incorrect trials,incorrect trials,"T-7,T-6,T-5",10.0,0.627152190236447,124.85714285714286,0.015748119866299832,0.0149431766038219,0.022532317183425552,,,,,,,,,,,,,,,
data_Maniscalco_2017_expt3,RNN,correct trials,correct trials,"T-3,T-2,T-1",10.0,0.7024048959231732,1240.404761904762,,,,0.1636526592164522,0.20656581245185363,0.21964019530319742,,,,,,,,,,,,
data_Maniscalco_2017_expt3,RNN,correct trials,correct trials,"T-7,T-6,T-5",10.0,0.6445591264154827,1240.404761904762,,,,0.12549011795116322,0.19295783145796686,0.2248156995822986,,,,,,,,,,,,
data_Maniscalco_2017_expt3,RNN,correct trials,incorrect trials,"T-3,T-2,T-1",10.0,0.6557070012889428,124.85714285714286,,,,0.18387233182078316,0.2311318652438266,0.2484347317367792,,,,,,,,,,,,
data_Maniscalco_2017_expt3,RNN,correct trials,incorrect trials,"T-7,T-6,T-5",10.0,0.6318873032497985,124.85714285714286,,,,0.1422644256658497,0.21486830681706556,0.2404209485809718,,,,,,,,,,,,
data_Maniscalco_2017_expt3,RNN,incorrect trials,correct trials,"T-3,T-2,T-1",10.0,0.6455507308565804,496.0952380952381,,,,0.1491930230043917,0.21829680218139574,0.24750767224690035,,,,,,,,,,,,
data_Maniscalco_2017_expt3,RNN,incorrect trials,correct trials,"T-7,T-6,T-5",10.0,0.588072560398804,496.0952380952381,,,,0.11767758557661656,0.19190459268256313,0.22939055160220181,,,,,,,,,,,,
data_Maniscalco_2017_expt3,RNN,incorrect trials,incorrect trials,"T-3,T-2,T-1",10.0,0.6835862722073015,312.3333333333333,,,,0.15047159687882022,0.21832772645852638,0.25126259750686586,,,,,,,,,,,,
data_Maniscalco_2017_expt3,RNN,incorrect trials,incorrect trials,"T-7,T-6,T-5",10.0,0.6664855617874645,312.3333333333333,,,,0.1225313662906133,0.1956005408594917,0.22752936836332083,,,,,,,,,,,,
data_Maniscalco_2017_expt3,SVM,correct trials,correct trials,"T-3,T-2,T-1",10.0,0.6747739193638141,496.0952380952381,,,,,,,-0.11485948502812893,-0.06303330728034905,0.013371984080535325,0.21368117685747,-0.09741665853429451,-0.047918909361688376,0.008417044756471457,0.17497600075977415,-0.23820619541899854,-0.07956682506985696,0.024915712930614543,0.3841335210937644
data_Maniscalco_2017_expt3,SVM,correct trials,correct trials,"T-7,T-6,T-5",10.0,0.5953682883897814,496.0952380952381,,,,,,,-0.12395676932092689,-0.0507364780305187,0.005656938084019882,0.20620985990740678,-0.10332324515289851,-0.05610396906161814,-0.002594460393128753,0.19322942664455822,-0.1293721463627713,-0.07079961293817327,0.025717493917136618,0.21376205635085901
data_Maniscalco_2017_expt3,SVM,correct trials,incorrect trials,"T-3,T-2,T-1",10.0,0.6690026162984941,124.85714285714286,,,,,,,-0.11485948502812893,-0.06303330728034905,0.013371984080535325,0.21368117685747,-0.09741665853429451,-0.047918909361688376,0.008417044756471457,0.17497600075977415,-0.23820619541899854,-0.07956682506985696,0.024915712930614543,0.3841335210937644
data_Maniscalco_2017_expt3,SVM,correct trials,incorrect trials,"T-7,T-6,T-5",10.0,0.620419014917747,124.85714285714286,,,,,,,-0.12395676932092689,-0.0507364780305187,0.005656938084019882,0.20620985990740678,-0.10332324515289851,-0.05610396906161814,-0.002594460393128753,0.19322942664455822,-0.1293721463627713,-0.07079961293817327,0.025717493917136618,0.21376205635085901
data_Maniscalco_2017_expt3,SVM,incorrect trials,correct trials,"T-3,T-2,T-1",10.0,0.675579807573555,496.0952380952381,,,,,,,-0.11392002520022598,-0.06424614795168494,0.011905837424291526,0.21840556989910648,-0.1040576792351207,-0.040910103921007614,0.009687741086721338,0.17438904672127084,-0.23508006193404857,-0.08288325458918955,0.018594878915378612,0.394534349595973
data_Maniscalco_2017_expt3,SVM,incorrect trials,correct trials,"T-7,T-6,T-5",10.0,0.5963261033124768,496.0952380952381,,,,,,,-0.12029497585724623,-0.05643450432274772,0.003919029948990985,0.20912230115851177,-0.10597966637794584,-0.0472201121833771,0.0006879510946172864,0.18336223245539815,-0.12770862966046354,-0.07323796678390136,0.02771756846088596,0.2116720428628571
data_Maniscalco_2017_expt3,SVM,incorrect trials,incorrect trials,"T-3,T-2,T-1",10.0,0.6737937338740619,124.85714285714286,,,,,,,-0.11392002520022598,-0.06424614795168494,0.011905837424291526,0.21840556989910648,-0.1040576792351207,-0.040910103921007614,0.009687741086721338,0.17438904672127084,-0.23508006193404857,-0.08288325458918955,0.018594878915378612,0.394534349595973
data_Maniscalco_2017_expt3,SVM,incorrect trials,incorrect trials,"T-7,T-6,T-5",10.0,0.617708832831313,124.85714285714286,,,,,,,-0.12029497585724623,-0.05643450432274772,0.003919029948990985,0.20912230115851177,-0.10597966637794584,-0.0472201121833771,0.0006879510946172864,0.18336223245539815,-0.12770862966046354,-0.07323796678390136,0.02771756846088596,0.2116720428628571
data_Maniscalco_2017_expt4,RF,correct trials,correct trials,"T-3,T-2,T-1",16.0,0.7242700023287434,553.0909090909091,0.014211630274485566,0.01763141024813922,0.0616903322137827,,,,,,,,,,,,,,,
data_Maniscalco_2017_expt4,RF,correct trials,correct trials,"T-7,T-6,T-5",16.0,0.6656931902356156,553.0909090909091,0.009929521534706947,0.014057544011662615,0.01772170907090549,,,,,,,,,,,,,,,
data_Maniscalco_2017_expt4,RF,correct trials,incorrect trials,"T-3,T-2,T-1",16.0,0.7168707894638399,120.60606060606061,0.012036864508658757,0.01561727503871944,0.04839458111329786,,,,,,,,,,,,,,,
data_Maniscalco_2017_expt4,RF,correct trials,incorrect trials,"T-7,T-6,T-5",16.0,0.6799909693672683,120.60606060606061,0.016314890440809724,0.009012641539770126,0.019106001462848726,,,,,,,,,,,,,,,
data_Maniscalco_2017_expt4,RF,incorrect trials,correct trials,"T-3,T-2,T-1",16.0,0.7188384071842915,553.0909090909091,0.01833725611027618,0.023112106047467048,0.05899003490116869,,,,,,,,,,,,,,,
data_Maniscalco_2017_expt4,RF,incorrect trials,correct trials,"T-7,T-6,T-5",16.0,0.6571847500838598,553.0909090909091,0.009642455811925443,0.018062920373522088,0.01887661464300978,,,,,,,,,,,,,,,
data_Maniscalco_2017_expt4,RF,incorrect trials,incorrect trials,"T-3,T-2,T-1",16.0,0.703639694350486,120.60606060606061,0.012844503145952374,0.0154140021081859,0.044493835692419166,,,,,,,,,,,,,,,
data_Maniscalco_2017_expt4,RF,incorrect trials,incorrect trials,"T-7,T-6,T-5",16.0,0.6696663893434492,120.60606060606061,0.01339923249254193,0.015160366460672014,0.019787453324199948,,,,,,,,,,,,,,,
data_Maniscalco_2017_expt4,RNN,correct trials,correct trials,"T-3,T-2,T-1",16.0,0.7433608743464553,2046.6515151515152,,,,-0.0843119157308882,-0.13879042417939866,-0.16595006688977731,,,,,,,,,,,,
data_Maniscalco_2017_expt4,RNN,correct trials,correct trials,"T-7,T-6,T-5",16.0,0.6974419943051738,2046.6515151515152,,,,-0.04813413022819793,-0.10319491381277189,-0.14305604676800696,,,,,,,,,,,,
data_Maniscalco_2017_expt4,RNN,correct trials,incorrect trials,"T-3,T-2,T-1",16.0,0.681052967948727,120.60606060606061,,,,-0.07383554993253766,-0.12108643684239889,-0.1444337856814717,,,,,,,,,,,,
data_Maniscalco_2017_expt4,RNN,correct trials,incorrect trials,"T-7,T-6,T-5",16.0,0.6437569583349578,120.60606060606061,,,,-0.04844416903726983,-0.09609634355133909,-0.13634372733984934,,,,,,,,,,,,
data_Maniscalco_2017_expt4,RNN,incorrect trials,correct trials,"T-3,T-2,T-1",16.0,0.7030866585103408,553.0909090909091,,,,-0.09871915068872497,-0.1679683868124178,-0.20559461073329052,,,,,,,,,,,,
data_Maniscalco_2017_expt4,RNN,incorrect trials,correct trials,"T-7,T-6,T-5",16.0,0.654871492054865,553.0909090909091,,,,-0.08275320152328773,-0.15443572853550766,-0.19842905839058486,,,,,,,,,,,,
data_Maniscalco_2017_expt4,RNN,incorrect trials,incorrect trials,"T-3,T-2,T-1",16.0,0.7231540631810597,446.40909090909093,,,,-0.0909625201126222,-0.15371184061179077,-0.18682587424744712,,,,,,,,,,,,
data_Maniscalco_2017_expt4,RNN,incorrect trials,incorrect trials,"T-7,T-6,T-5",16.0,0.690621601308966,446.40909090909093,,,,-0.08116987236126354,-0.1487535287795419,-0.19272178620105312,,,,,,,,,,,,
data_Maniscalco_2017_expt4,SVM,correct trials,correct trials,"T-3,T-2,T-1",16.0,0.7076412465177481,553.0909090909091,,,,,,,-0.1296078195066275,-0.08483611544856863,-0.045061419002001814,0.21749669212590617,-0.11850813183315535,-0.08056378546130333,-0.0702234426860524,0.21625786444365364,-0.2187595242122796,-0.1120669086635577,-0.09795913602970695,0.3358740760530324
data_Maniscalco_2017_expt4,SVM,correct trials,correct trials,"T-7,T-6,T-5",16.0,0.6569336205568759,553.0909090909091,,,,,,,-0.13056263672781035,-0.0730346666406947,-0.056470632411451,0.1962231299303042,-0.1309473174027846,-0.08526809818781309,-0.06072887394556091,0.2011579857083082,-0.14283366427801675,-0.08462637888195045,-0.07732345224572705,0.22309560526803363
data_Maniscalco_2017_expt4,SVM,correct trials,incorrect trials,"T-3,T-2,T-1",16.0,0.6706678463190004,120.60606060606061,,,,,,,-0.1296078195066275,-0.08483611544856863,-0.045061419002001814,0.21749669212590617,-0.11850813183315535,-0.08056378546130333,-0.0702234426860524,0.21625786444365364,-0.2187595242122796,-0.1120669086635577,-0.09795913602970695,0.3358740760530324
data_Maniscalco_2017_expt4,SVM,correct trials,incorrect trials,"T-7,T-6,T-5",16.0,0.6474129412568991,120.60606060606061,,,,,,,-0.13056263672781035,-0.0730346666406947,-0.056470632411451,0.1962231299303042,-0.1309473174027846,-0.08526809818781309,-0.06072887394556091,0.2011579857083082,-0.14283366427801675,-0.08462637888195045,-0.07732345224572705,0.22309560526803363
data_Maniscalco_2017_expt4,SVM,incorrect trials,correct trials,"T-3,T-2,T-1",16.0,0.7077798511158452,553.0909090909091,,,,,,,-0.12299290468695889,-0.0879031675876371,-0.033074133511698585,0.20418385056042798,-0.11935383894361755,-0.07713095910776806,-0.07956410073750704,0.22248739630859016,-0.22056250200613092,-0.11685686638884278,-0.09852902892333508,0.3404153083691899
data_Maniscalco_2017_expt4,SVM,incorrect trials,correct trials,"T-7,T-6,T-5",16.0,0.6574303613969407,553.0909090909091,,,,,,,-0.138931336564284,-0.08044679915057229,-0.053566308378723615,0.20479387459714574,-0.12264358673399559,-0.08332445563303996,-0.06994405755791612,0.20157797224781035,-0.14144801673434065,-0.08937124968594268,-0.06983287303518053,0.2202046971645489
data_Maniscalco_2017_expt4,SVM,incorrect trials,incorrect trials,"T-3,T-2,T-1",16.0,0.6693851211073868,120.60606060606061,,,,,,,-0.12299290468695889,-0.0879031675876371,-0.033074133511698585,0.20418385056042798,-0.11935383894361755,-0.07713095910776806,-0.07956410073750704,0.22248739630859016,-0.22056250200613092,-0.11685686638884278,-0.09852902892333508,0.3404153083691899
data_Maniscalco_2017_expt4,SVM,incorrect trials,incorrect trials,"T-7,T-6,T-5",16.0,0.6423324010766694,120.60606060606061,,,,,,,-0.138931336564284,-0.08044679915057229,-0.053566308378723615,0.20479387459714574,-0.12264358673399559,-0.08332445563303996,-0.06994405755791612,0.20157797224781035,-0.14144801673434065,-0.08937124968594268,-0.06983287303518053,0.2202046971645489
data_Shekhar_2018,RF,correct trials,correct trials,"T-3,T-2,T-1",9.0,0.6961700457393356,568.2631578947369,0.019369724688430626,0.025415249783480694,0.0949827419167456,,,,,,,,,,,,,,,
data_Shekhar_2018,RF,correct trials,correct trials,"T-7,T-6,T-5",9.0,0.6013584648456513,568.2631578947369,0.01574584777334934,0.016868823148247027,0.02855563390625324,,,,,,,,,,,,,,,
data_Shekhar_2018,RF,correct trials,incorrect trials,"T-3,T-2,T-1",9.0,0.6966300028815621,144.73684210526315,0.019325582248112996,0.021339834573846927,0.07126285865505408,,,,,,,,,,,,,,,
data_Shekhar_2018,RF,correct trials,incorrect trials,"T-7,T-6,T-5",9.0,0.6087202783706377,144.73684210526315,0.01339792510970479,0.01428519935654075,0.017145560338481063,,,,,,,,,,,,,,,
data_Shekhar_2018,RF,incorrect trials,correct trials,"T-3,T-2,T-1",9.0,0.6909522053611347,568.2631578947369,0.020584326665038157,0.027328041180463468,0.09739781699096565,,,,,,,,,,,,,,,
data_Shekhar_2018,RF,incorrect trials,correct trials,"T-7,T-6,T-5",9.0,0.5970486334714838,568.2631578947369,0.023396275113888445,0.023406747303542353,0.030614254608462448,,,,,,,,,,,,,,,
data_Shekhar_2018,RF,incorrect trials,incorrect trials,"T-3,T-2,T-1",9.0,0.6951227466607602,144.73684210526315,0.019106073947134174,0.02678153123822094,0.07473424965739021,,,,,,,,,,,,,,,
data_Shekhar_2018,RF,incorrect trials,incorrect trials,"T-7,T-6,T-5",9.0,0.5944321390612365,144.73684210526315,0.012249234658244184,0.014252302308441845,0.010538759722558896,,,,,,,,,,,,,,,
data_Shekhar_2018,RNN,correct trials,correct trials,"T-3,T-2,T-1",9.0,0.7245495501545433,1307.2105263157894,,,,0.044676053313244306,0.05113149197821161,0.050299241544531754,,,,,,,,,,,,
data_Shekhar_2018,RNN,correct trials,correct trials,"T-7,T-6,T-5",9.0,0.6555594359964817,1307.2105263157894,,,,0.04415190364479232,0.06328767834623393,0.06955059000143878,,,,,,,,,,,,
data_Shekhar_2018,RNN,correct trials,incorrect trials,"T-3,T-2,T-1",9.0,0.6613911294482366,144.73684210526315,,,,0.05007983626503695,0.06500106706823174,0.059335656169998016,,,,,,,,,,,,
data_Shekhar_2018,RNN,correct trials,incorrect trials,"T-7,T-6,T-5",9.0,0.5965425060181269,144.73684210526315,,,,0.04891792831844404,0.06817103238580258,0.0772012529012404,,,,,,,,,,,,
data_Shekhar_2018,RNN,incorrect trials,correct trials,"T-3,T-2,T-1",9.0,0.663201166463825,568.2631578947369,,,,0.06014901512351474,0.0809947862044761,0.08893488372038853,,,,,,,,,,,,
data_Shekhar_2018,RNN,incorrect trials,correct trials,"T-7,T-6,T-5",9.0,0.5890699055448699,568.2631578947369,,,,0.0634512748373182,0.09014252181115903,0.0975624166036907,,,,,,,,,,,,
data_Shekhar_2018,RNN,incorrect trials,incorrect trials,"T-3,T-2,T-1",9.0,0.7022583542153398,333.13157894736844,,,,0.06658342014998198,0.0925722498152601,0.1017804917340216,,,,,,,,,,,,
data_Shekhar_2018,RNN,incorrect trials,incorrect trials,"T-7,T-6,T-5",9.0,0.6521714670095298,333.13157894736844,,,,0.07109371290885302,0.0996853442078358,0.11216886297456528,,,,,,,,,,,,
data_Shekhar_2018,SVM,correct trials,correct trials,"T-3,T-2,T-1",9.0,0.677246390745996,568.2631578947369,,,,,,,-0.1543139967081184,-0.04891022621061849,0.03679602319338735,0.1747039121864334,-0.16982721695848374,-0.04698857239736927,0.06240045251985159,0.15554660430421774,-0.2780207707776212,-0.09757312076257856,0.035987172950404614,0.34951160942130716
data_Shekhar_2018,SVM,correct trials,correct trials,"T-7,T-6,T-5",9.0,0.5875831244915412,568.2631578947369,,,,,,,-0.14202223240726963,-0.06733850572359984,0.0694893920662245,0.13385650762431736,-0.1411844253622642,-0.04434947641605698,0.021485466234952098,0.15960492544911167,-0.1756136191048859,-0.05174095853229591,0.026671755279038933,0.1959029712355791
data_Shekhar_2018,SVM,correct trials,incorrect trials,"T-3,T-2,T-1",9.0,0.668825254420366,144.73684210526315,,,,,,,-0.1543139967081184,-0.04891022621061849,0.03679602319338735,0.1747039121864334,-0.16982721695848374,-0.04698857239736927,0.06240045251985159,0.15554660430421774,-0.2780207707776212,-0.09757312076257856,0.035987172950404614,0.34951160942130716
data_Shekhar_2018,SVM,correct trials,incorrect trials,"T-7,T-6,T-5",9.0,0.5977251519821959,144.73684210526315,,,,,,,-0.14202223240726963,-0.06733850572359984,0.0694893920662245,0.13385650762431736,-0.1411844253622642,-0.04434947641605698,0.021485466234952098,0.15960492544911167,-0.1756136191048859,-0.05174095853229591,0.026671755279038933,0.1959029712355791
data_Shekhar_2018,SVM,incorrect trials,correct trials,"T-3,T-2,T-1",9.0,0.670693404272629,568.2631578947369,,,,,,,-0.1260881324083222,-0.04817064946297616,0.030491459661124765,0.15273265954732546,-0.1722350910018495,-0.04023494675566914,0.050001945614033996,0.17737607008045075,-0.2778459437877,-0.11837410255922542,0.04208787532916615,0.3660010897709347
data_Shekhar_2018,SVM,incorrect trials,correct trials,"T-7,T-6,T-5",9.0,0.5888452526513133,568.2631578947369,,,,,,,-0.1806894714955035,-0.07764903294273069,0.07960137056749277,0.1679866326963163,-0.15417187531516605,-0.049749666793616754,0.023170160364078304,0.17469537953861436,-0.14922208250997074,-0.041743062402810324,0.012127601598857807,0.17413624854149282
data_Shekhar_2018,SVM,incorrect trials,incorrect trials,"T-3,T-2,T-1",9.0,0.6664563263585705,144.73684210526315,,,,,,,-0.1260881324083222,-0.04817064946297616,0.030491459661124765,0.15273265954732546,-0.1722350910018495,-0.04023494675566914,0.050001945614033996,0.17737607008045075,-0.2778459437877,-0.11837410255922542,0.04208787532916615,0.3660010897709347
data_Shekhar_2018,SVM,incorrect trials,incorrect trials,"T-7,T-6,T-5",9.0,0.5986386311447965,144.73684210526315,,,,,,,-0.1806894714955035,-0.07764903294273069,0.07960137056749277,0.1679866326963163,-0.15417187531516605,-0.049749666793616754,0.023170160364078304,0.17469537953861436,-0.14922208250997074,-0.041743062402810324,0.012127601598857807,0.17413624854149282
data_Sherman_2016_JOCN,RF,correct trials,correct trials,"T-3,T-2,T-1",8.5,0.6513505221209123,1613.4444444444443,0.016707844850590944,0.027518972838588264,0.06955441394708468,,,,,,,,,,,,,,,
data_Sherman_2016_JOCN,RF,correct trials,correct trials,"T-7,T-6,T-5",8.5,0.5925686691891782,1613.4444444444443,0.0180372124045416,0.02388587369161162,0.03012593697707942,,,,,,,,,,,,,,,
data_Sherman_2016_JOCN,RF,correct trials,incorrect trials,"T-3,T-2,T-1",8.5,0.6276364908617479,328.8888888888889,0.011727146130614012,0.019724690193011388,0.05789290043344364,,,,,,,,,,,,,,,
data_Sherman_2016_JOCN,RF,correct trials,incorrect trials,"T-7,T-6,T-5",8.5,0.5761976967531265,328.8888888888889,0.01110070952203854,0.021931293188323,0.025005631919310184,,,,,,,,,,,,,,,
data_Sherman_2016_JOCN,RF,incorrect trials,correct trials,"T-3,T-2,T-1",8.5,0.6385981543329318,1613.4444444444443,0.017028501768341954,0.028139638783707684,0.06817398901060275,,,,,,,,,,,,,,,
data_Sherman_2016_JOCN,RF,incorrect trials,correct trials,"T-7,T-6,T-5",8.5,0.5800411291874716,1613.4444444444443,0.014583053431147805,0.020694468976018683,0.029267606209428768,,,,,,,,,,,,,,,
data_Sherman_2016_JOCN,RF,incorrect trials,incorrect trials,"T-3,T-2,T-1",8.5,0.6225028103536547,328.8888888888889,0.01670001257698016,0.025142073007709632,0.055846474451874344,,,,,,,,,,,,,,,
data_Sherman_2016_JOCN,RF,incorrect trials,incorrect trials,"T-7,T-6,T-5",8.5,0.5620802221208681,328.8888888888889,0.00828865966510109,0.021514908694700845,0.021333754218722936,,,,,,,,,,,,,,,
data_Sherman_2016_JOCN,RNN,correct trials,correct trials,"T-3,T-2,T-1",8.5,0.6427297830583547,3549.777777777778,,,,0.08973561980140704,0.13437224016524849,0.15968275784204403,,,,,,,,,,,,
data_Sherman_2016_JOCN,RNN,correct trials,correct trials,"T-7,T-6,T-5",8.5,0.5851995312266163,3549.777777777778,,,,0.0732016052222914,0.12015853408310148,0.15406738050902882,,,,,,,,,,,,
data_Sherman_2016_JOCN,RNN,correct trials,incorrect trials,"T-3,T-2,T-1",8.5,0.614717880233849,328.8888888888889,,,,0.0882035151330961,0.1367030684551638,0.15812591798344833,,,,,,,,,,,,
data_Sherman_2016_JOCN,RNN,correct trials,incorrect trials,"T-7,T-6,T-5",8.5,0.5532119638776215,328.8888888888889,,,,0.07281421694076719,0.1173062170338299,0.14907690613634053,,,,,,,,,,,,
data_Sherman_2016_JOCN,RNN,incorrect trials,correct trials,"T-3,T-2,T-1",8.5,0.6186436189274643,1613.4444444444443,,,,0.09424660867080088,0.14836736649481785,0.18372729953585398,,,,,,,,,,,,
data_Sherman_2016_JOCN,RNN,incorrect trials,correct trials,"T-7,T-6,T-5",8.5,0.5671475621506652,1613.4444444444443,,,,0.09993244169486891,0.1671030016409026,0.21372028274668586,,,,,,,,,,,,
data_Sherman_2016_JOCN,RNN,incorrect trials,incorrect trials,"T-3,T-2,T-1",8.5,0.6277637716819882,723.8055555555555,,,,0.10207871984069544,0.1652267399735542,0.20132244309772632,,,,,,,,,,,,
data_Sherman_2016_JOCN,RNN,incorrect trials,incorrect trials,"T-7,T-6,T-5",8.5,0.5701003828184898,723.8055555555555,,,,0.10488487055732143,0.1745155213607682,0.22374667103091875,,,,,,,,,,,,
data_Sherman_2016_JOCN,SVM,correct trials,correct trials,"T-3,T-2,T-1",8.5,0.628924741426491,1613.4444444444443,,,,,,,-0.08097297464161267,-0.07162969531948193,0.010975416708777982,0.09430983498818236,-0.05743763699702463,-0.09818698766574828,-0.002155596660677228,0.12537501826552883,-0.12258662510752975,-0.11800571879188099,-0.022987288089207393,0.20250233208619273
data_Sherman_2016_JOCN,SVM,correct trials,correct trials,"T-7,T-6,T-5",8.5,0.5746403080884571,1613.4444444444443,,,,,,,-0.06259465232720912,-0.0635950141216376,0.010421395458935334,0.07201996438422897,-0.06884440681069934,-0.07093971892363699,0.007052923613007928,0.08537062147151385,-0.081304840167043,-0.08471188361199586,0.003978383624305862,0.1068845326535954
data_Sherman_2016_JOCN,SVM,correct trials,incorrect trials,"T-3,T-2,T-1",8.5,0.6127436194334108,328.8888888888889,,,,,,,-0.08097297464161267,-0.07162969531948193,0.010975416708777982,0.09430983498818236,-0.05743763699702463,-0.09818698766574828,-0.002155596660677228,0.12537501826552883,-0.12258662510752975,-0.11800571879188099,-0.022987288089207393,0.20250233208619273
data_Sherman_2016_JOCN,SVM,correct trials,incorrect trials,"T-7,T-6,T-5",8.5,0.5729685323704005,328.8888888888889,,,,,,,-0.06259465232720912,-0.0635950141216376,0.010421395458935334,0.07201996438422897,-0.06884440681069934,-0.07093971892363699,0.007052923613007928,0.08537062147151385,-0.081304840167043,-0.08471188361199586,0.003978383624305862,0.1068845326535954
data_Sherman_2016_JOCN,SVM,incorrect trials,correct trials,"T-3,T-2,T-1",8.5,0.6270485715958107,1613.4444444444443,,,,,,,-0.07767487472266667,-0.06963125012243243,0.008094445492723559,0.0941936978822904,-0.056501145142845544,-0.09977276861959807,-0.006892791648574073,0.13280097983989275,-0.12459181588560136,-0.11359753407042894,-0.023034345184995444,0.20044624685100842
data_Sherman_2016_JOCN,SVM,incorrect trials,correct trials,"T-7,T-6,T-5",8.5,0.5725410837860555,1613.4444444444443,,,,,,,-0.05792469722914054,-0.06645668476730476,0.01184647615968761,0.07091660825447405,-0.07871022069091345,-0.06242401408699245,0.005932513225989088,0.08378964837610152,-0.07804320816651727,-0.09133345259043114,0.0027853285116698277,0.112512400292619
data_Sherman_2016_JOCN,SVM,incorrect trials,incorrect trials,"T-3,T-2,T-1",8.5,0.6116288501992653,328.8888888888889,,,,,,,-0.07767487472266667,-0.06963125012243243,0.008094445492723559,0.0941936978822904,-0.056501145142845544,-0.09977276861959807,-0.006892791648574073,0.13280097983989275,-0.12459181588560136,-0.11359753407042894,-0.023034345184995444,0.20044624685100842
data_Sherman_2016_JOCN,SVM,incorrect trials,incorrect trials,"T-7,T-6,T-5",8.5,0.5709675259340776,328.8888888888889,,,,,,,-0.05792469722914054,-0.06645668476730476,0.01184647615968761,0.07091660825447405,-0.07871022069091345,-0.06242401408699245,0.005932513225989088,0.08378964837610152,-0.07804320816651727,-0.09133345259043114,0.0027853285116698277,0.112512400292619
data_Siedlecka_2019,RF,correct trials,correct trials,"T-3,T-2,T-1",18.0,0.7654629072305195,278.56756756756755,0.024598801244501277,0.029896217659227075,0.08397680289489967,,,,,,,,,,,,,,,
data_Siedlecka_2019,RF,correct trials,correct trials,"T-7,T-6,T-5",18.0,0.7038526971522536,278.56756756756755,0.017284049207572837,0.033394141291884984,0.040998632075669714,,,,,,,,,,,,,,,
data_Siedlecka_2019,RF,correct trials,incorrect trials,"T-3,T-2,T-1",18.0,0.7742975871875765,106.64864864864865,0.016846706937250946,0.02592311987223326,0.08910629865144044,,,,,,,,,,,,,,,
data_Siedlecka_2019,RF,correct trials,incorrect trials,"T-7,T-6,T-5",18.0,0.6984537002551572,106.64864864864865,0.015027215640368224,0.0217134395327364,0.036690457533002985,,,,,,,,,,,,,,,
data_Siedlecka_2019,RF,incorrect trials,correct trials,"T-3,T-2,T-1",18.0,0.7639025238574363,278.56756756756755,0.03274758778579596,0.032318255301297664,0.08172589077618847,,,,,,,,,,,,,,,
data_Siedlecka_2019,RF,incorrect trials,correct trials,"T-7,T-6,T-5",18.0,0.6967965360616691,278.56756756756755,0.020422912449766704,0.035342556722124344,0.04402621654484505,,,,,,,,,,,,,,,
data_Siedlecka_2019,RF,incorrect trials,incorrect trials,"T-3,T-2,T-1",18.0,0.7707161886140692,106.64864864864865,0.02309104961976543,0.029845997498861302,0.08520729971709447,,,,,,,,,,,,,,,
data_Siedlecka_2019,RF,incorrect trials,incorrect trials,"T-7,T-6,T-5",18.0,0.6868016483725395,106.64864864864865,0.012124997077497453,0.025065699534120002,0.0328088077655284,,,,,,,,,,,,,,,
data_Siedlecka_2019,RNN,correct trials,correct trials,"T-3,T-2,T-1",18.0,0.7532956296555604,1142.3513513513512,,,,0.17101713477530064,0.24697158447265424,0.2795814111124019,,,,,,,,,,,,
data_Siedlecka_2019,RNN,correct trials,correct trials,"T-7,T-6,T-5",18.0,0.7117694193381278,1142.3513513513512,,,,0.16067593300564062,0.26218775771809993,0.3187334478857952,,,,,,,,,,,,
data_Siedlecka_2019,RNN,correct trials,incorrect trials,"T-3,T-2,T-1",18.0,0.7219678737581704,106.64864864864865,,,,0.18560495285468326,0.2724192372548419,0.2999847515209301,,,,,,,,,,,,
data_Siedlecka_2019,RNN,correct trials,incorrect trials,"T-7,T-6,T-5",18.0,0.6789471582681956,106.64864864864865,,,,0.17682518364509214,0.2843944145920309,0.3441185497401937,,,,,,,,,,,,
data_Siedlecka_2019,RNN,incorrect trials,correct trials,"T-3,T-2,T-1",18.0,0.7217002250675475,278.56756756756755,,,,0.17492974440038606,0.26831697642675767,0.31309666769025296,,,,,,,,,,,,
data_Siedlecka_2019,RNN,incorrect trials,correct trials,"T-7,T-6,T-5",18.0,0.6543221472639988,278.56756756756755,,,,0.1894320474333457,0.3063156573806663,0.3705578306249368,,,,,,,,,,,,
data_Siedlecka_2019,RNN,incorrect trials,incorrect trials,"T-3,T-2,T-1",18.0,0.7462809175750791,437.44594594594594,,,,0.18438958914555623,0.28298640179422657,0.3249035290115186,,,,,,,,,,,,
data_Siedlecka_2019,RNN,incorrect trials,incorrect trials,"T-7,T-6,T-5",18.0,0.6923567548475591,437.44594594594594,,,,0.20082004433749492,0.32247969490551465,0.38751926560055566,,,,,,,,,,,,
data_Siedlecka_2019,SVM,correct trials,correct trials,"T-3,T-2,T-1",18.0,0.7543241936408157,278.56756756756755,,,,,,,-0.13180981709696313,-0.08891424296427655,0.10653250337037394,0.18848873437663016,-0.18597199437990045,-0.06820968517205614,0.09045342442558506,0.2643598138301196,-0.23134391044529784,-0.07163054813656722,0.1109108341693974,0.2950932917228854
data_Siedlecka_2019,SVM,correct trials,correct trials,"T-7,T-6,T-5",18.0,0.6922090200333816,278.56756756756755,,,,,,,-0.12639338255132454,-0.053973728810162755,0.07076927018799109,0.16938221801840633,-0.15052372479230156,-0.0668505228725831,0.08888838531023482,0.21102128252667962,-0.1731679258554259,-0.08688067449325611,0.11153993865591372,0.24214337302697783
data_Siedlecka_2019,SVM,correct trials,incorrect trials,"T-3,T-2,T-1",18.0,0.7720685819791654,106.64864864864865,,,,,,,-0.13180981709696313,-0.08891424296427655,0.10653250337037394,0.18848873437663016,-0.18597199437990045,-0.06820968517205614,0.09045342442558506,0.2643598138301196,-0.23134391044529784,-0.07163054813656722,0.1109108341693974,0.2950932917228854
data_Siedlecka_2019,SVM,correct trials,incorrect trials,"T-7,T-6,T-5",18.0,0.6910354366367197,106.64864864864865,,,,,,,-0.12639338255132454,-0.053973728810162755,0.07076927018799109,0.16938221801840633,-0.15052372479230156,-0.0668505228725831,0.08888838531023482,0.21102128252667962,-0.1731679258554259,-0.08688067449325611,0.11153993865591372,0.24214337302697783
data_Siedlecka_2019,SVM,incorrect trials,correct trials,"T-3,T-2,T-1",18.0,0.7522279343870478,278.56756756756755,,,,,,,-0.14057037403405204,-0.08725501599896165,0.0956300100991649,0.22238031891065843,-0.18477625260362032,-0.06603291867560075,0.09196956459207323,0.2438161701938624,-0.20983186172398485,-0.09745946807519863,0.13242086289111327,0.28266271579341345
data_Siedlecka_2019,SVM,incorrect trials,correct trials,"T-7,T-6,T-5",18.0,0.6797607702879359,278.56756756756755,,,,,,,-0.12417669027389176,-0.06612811013565634,0.0727493887647041,0.19703517331068787,-0.1502687433778765,-0.06873801985363977,0.08889138576370727,0.2081701699887252,-0.15231760289923385,-0.09116077338400612,0.11595111784125328,0.20275615210079184
data_Siedlecka_2019,SVM,incorrect trials,incorrect trials,"T-3,T-2,T-1",18.0,0.7688216863832917,106.64864864864865,,,,,,,-0.14057037403405204,-0.08725501599896165,0.0956300100991649,0.22238031891065843,-0.18477625260362032,-0.06603291867560075,0.09196956459207323,0.2438161701938624,-0.20983186172398485,-0.09745946807519863,0.13242086289111327,0.28266271579341345
data_Siedlecka_2019,SVM,incorrect trials,incorrect trials,"T-7,T-6,T-5",18.0,0.6802001155046995,106.64864864864865,,,,,,,-0.12417669027389176,-0.06612811013565634,0.0727493887647041,0.19703517331068787,-0.1502687433778765,-0.06873801985363977,0.08889138576370727,0.2081701699887252,-0.15231760289923385,-0.09116077338400612,0.11595111784125328,0.20275615210079184
data_Wierzchon_2014,RF,correct trials,correct trials,"T-3,T-2,T-1",77.0,0.6442512007085903,347.4258064516129,0.004852071852015875,0.01582529987074705,0.047497765087061335,,,,,,,,,,,,,,,
data_Wierzchon_2014,RF,correct trials,correct trials,"T-7,T-6,T-5",77.0,0.5768888773625593,347.4258064516129,0.0026164408534458906,0.00602311889018579,0.0066235481183729945,,,,,,,,,,,,,,,
data_Wierzchon_2014,RF,correct trials,incorrect trials,"T-3,T-2,T-1",77.0,0.5675015586802704,22.87741935483871,0.0027205699080708463,0.008721973664703172,0.012221122247696614,,,,,,,,,,,,,,,
data_Wierzchon_2014,RF,correct trials,incorrect trials,"T-7,T-6,T-5",77.0,0.5372483439892183,22.87741935483871,-5.75277642288175e-05,-0.0006860454500169044,0.0008849983547496106,,,,,,,,,,,,,,,
data_Wierzchon_2014,RF,incorrect trials,correct trials,"T-3,T-2,T-1",77.0,0.6298855045157387,347.4258064516129,0.005577307544987183,0.018048425693581043,0.043384994000105655,,,,,,,,,,,,,,,
data_Wierzchon_2014,RF,incorrect trials,correct trials,"T-7,T-6,T-5",77.0,0.5742845644907139,347.4258064516129,0.0012830951626498109,0.006821372274971184,0.006298243114451497,,,,,,,,,,,,,,,
data_Wierzchon_2014,RF,incorrect trials,incorrect trials,"T-3,T-2,T-1",77.0,0.5636041097520861,22.87741935483871,0.003118467362273764,0.010517982409120453,0.013922359017298266,,,,,,,,,,,,,,,
data_Wierzchon_2014,RF,incorrect trials,incorrect trials,"T-7,T-6,T-5",77.0,0.536642617063093,22.87741935483871,0.00453518093898428,0.0001147814052612394,0.0038610698369430023,,,,,,,,,,,,,,,
data_Wierzchon_2014,RNN,correct trials,correct trials,"T-3,T-2,T-1",77.0,0.6862863586078528,5524.270967741935,,,,-0.24839234002264998,-0.3640242354259,-0.4231056491799292,,,,,,,,,,,,
data_Wierzchon_2014,RNN,correct trials,correct trials,"T-7,T-6,T-5",77.0,0.6247292025552663,5524.270967741935,,,,-0.24663903735969553,-0.39582398802928265,-0.48009466304999565,,,,,,,,,,,,
data_Wierzchon_2014,RNN,correct trials,incorrect trials,"T-3,T-2,T-1",77.0,0.5380975757514905,22.87741935483871,,,,-0.2672179333354917,-0.37505025553607174,-0.4540142365250616,,,,,,,,,,,,
data_Wierzchon_2014,RNN,correct trials,incorrect trials,"T-7,T-6,T-5",77.0,0.5219077532102787,22.87741935483871,,,,-0.26709198493870995,-0.41677626694041875,-0.49904238370157056,,,,,,,,,,,,
data_Wierzchon_2014,RNN,incorrect trials,correct trials,"T-3,T-2,T-1",77.0,0.633690360562157,347.4258064516129,,,,-0.22495064126297593,-0.3641220006731249,-0.4431268283917058,,,,,,,,,,,,
data_Wierzchon_2014,RNN,incorrect trials,correct trials,"T-7,T-6,T-5",77.0,0.5710844711882307,347.4258064516129,,,,-0.2258219047309643,-0.38331518233678635,-0.4769676280958999,,,,,,,,,,,,
data_Wierzchon_2014,RNN,incorrect trials,incorrect trials,"T-3,T-2,T-1",77.0,0.636943092471635,363.9516129032258,,,,-0.23573534857076142,-0.37274638049747144,-0.46172813555777764,,,,,,,,,,,,
data_Wierzchon_2014,RNN,incorrect trials,incorrect trials,"T-7,T-6,T-5",77.0,0.598584453995845,363.9516129032258,,,,-0.23588870026569272,-0.3940065913021587,-0.48556401597546234,,,,,,,,,,,,
data_Wierzchon_2014,SVM,correct trials,correct trials,"T-3,T-2,T-1",77.0,0.6371857405656989,347.4258064516129,,,,,,,-0.08968068702043941,-0.06319557435913634,-0.08779556079303102,0.1611960698774531,-0.1362551399104878,-0.09898427287529696,-0.09272589418096613,0.20419097738745,-0.13375019611118916,-0.14835049013754695,-0.11436077931066434,0.24821769215391787
data_Wierzchon_2014,SVM,correct trials,correct trials,"T-7,T-6,T-5",77.0,0.5649000025736661,347.4258064516129,,,,,,,-0.08157403719404234,-0.06152232747763046,-0.07254933923557709,0.12896115759549234,-0.10993296979893137,-0.07224715738920817,-0.060901635527873504,0.13618545530888326,-0.12028331144980214,-0.07217050314845572,-0.09609214358444117,0.16885207429799623
data_Wierzchon_2014,SVM,correct trials,incorrect trials,"T-3,T-2,T-1",77.0,0.5342308899253947,22.87741935483871,,,,,,,-0.08968068702043941,-0.06319557435913634,-0.08779556079303102,0.1611960698774531,-0.1362551399104878,-0.09898427287529696,-0.09272589418096613,0.20419097738745,-0.13375019611118916,-0.14835049013754695,-0.11436077931066434,0.24821769215391787
data_Wierzchon_2014,SVM,correct trials,incorrect trials,"T-7,T-6,T-5",77.0,0.5250762759700157,22.87741935483871,,,,,,,-0.08157403719404234,-0.06152232747763046,-0.07254933923557709,0.12896115759549234,-0.10993296979893137,-0.07224715738920817,-0.060901635527873504,0.13618545530888326,-0.12028331144980214,-0.07217050314845572,-0.09609214358444117,0.16885207429799623
data_Wierzchon_2014,SVM,incorrect trials,correct trials,"T-3,T-2,T-1",77.0,0.6372037802148035,347.4258064516129,,,,,,,-0.08926268714856603,-0.05323613362082126,-0.08909932216870937,0.1562734838991926,-0.12704726481618067,-0.11639580126678277,-0.08130645672012077,0.19932382344918798,-0.14182177470937865,-0.1512553024323637,-0.1229121895812494,0.2602849558737123
data_Wierzchon_2014,SVM,incorrect trials,correct trials,"T-7,T-6,T-5",77.0,0.564359476764055,347.4258064516129,,,,,,,-0.08772298193397589,-0.06434259333934492,-0.0719103336745806,0.13197774063511203,-0.11164898105244513,-0.06163458549676044,-0.06456702440645179,0.13476909436294124,-0.1034013581419749,-0.07675304261743944,-0.09896695281146892,0.16456281712672854
data_Wierzchon_2014,SVM,incorrect trials,incorrect trials,"T-3,T-2,T-1",77.0,0.5354163697674551,22.87741935483871,,,,,,,-0.08926268714856603,-0.05323613362082126,-0.08909932216870937,0.1562734838991926,-0.12704726481618067,-0.11639580126678277,-0.08130645672012077,0.19932382344918798,-0.14182177470937865,-0.1512553024323637,-0.1229121895812494,0.2602849558737123
data_Wierzchon_2014,SVM,incorrect trials,incorrect trials,"T-7,T-6,T-5",77.0,0.5248423291450044,22.87741935483871,,,,,,,-0.08772298193397589,-0.06434259333934492,-0.0719103336745806,0.13197774063511203,-0.11164898105244513,-0.06163458549676044,-0.06456702440645179,0.13476909436294124,-0.1034013581419749,-0.07675304261743944,-0.09896695281146892,0.16456281712672854
data_vanBoxtel_2019_Expt1,RF,correct trials,correct trials,"T-3,T-2,T-1",22.0,0.6194870618095673,1253.0666666666666,0.011876407920340368,0.018675766672918252,0.06711816290157628,,,,,,,,,,,,,,,
data_vanBoxtel_2019_Expt1,RF,correct trials,correct trials,"T-7,T-6,T-5",22.0,0.5594070713222407,1253.0666666666666,0.013792193586768607,0.015441355406550906,0.016991580714532092,,,,,,,,,,,,,,,
data_vanBoxtel_2019_Expt1,RF,correct trials,incorrect trials,"T-3,T-2,T-1",22.0,0.7044654258958242,339.93333333333334,0.015492787554493459,0.02529186895501532,0.09171420580147328,,,,,,,,,,,,,,,
data_vanBoxtel_2019_Expt1,RF,correct trials,incorrect trials,"T-7,T-6,T-5",22.0,0.6120773234684902,339.93333333333334,0.018021441849360942,0.016602169638620958,0.025716144728134528,,,,,,,,,,,,,,,
data_vanBoxtel_2019_Expt1,RF,incorrect trials,correct trials,"T-3,T-2,T-1",22.0,0.618226972156826,1253.0666666666666,0.012508358836848204,0.021085863782338263,0.06561956089898853,,,,,,,,,,,,,,,
data_vanBoxtel_2019_Expt1,RF,incorrect trials,correct trials,"T-7,T-6,T-5",22.0,0.5551384859433338,1253.0666666666666,0.011704527139750873,0.015123703064960196,0.01609897187240359,,,,,,,,,,,,,,,
data_vanBoxtel_2019_Expt1,RF,incorrect trials,incorrect trials,"T-3,T-2,T-1",22.0,0.7007080436229044,339.93333333333334,0.015979031908824964,0.0311864584747934,0.09067721516980619,,,,,,,,,,,,,,,
data_vanBoxtel_2019_Expt1,RF,incorrect trials,incorrect trials,"T-7,T-6,T-5",22.0,0.6056866573795198,339.93333333333334,0.01488416063822061,0.0177762862450848,0.025429953504982953,,,,,,,,,,,,,,,
data_vanBoxtel_2019_Expt1,RNN,correct trials,correct trials,"T-3,T-2,T-1",22.0,0.6109942710801849,6140.2444444444445,,,,0.15628833722633617,0.20792680598484972,0.23073184026612176,,,,,,,,,,,,
data_vanBoxtel_2019_Expt1,RNN,correct trials,correct trials,"T-7,T-6,T-5",22.0,0.5788745854079764,6140.2444444444445,,,,0.15048190646080506,0.21717794013934003,0.2546360541755954,,,,,,,,,,,,
data_vanBoxtel_2019_Expt1,RNN,correct trials,incorrect trials,"T-3,T-2,T-1",22.0,0.6120942663296427,339.93333333333334,,,,0.16561634586089188,0.21463634338643817,0.23939607693917223,,,,,,,,,,,,
data_vanBoxtel_2019_Expt1,RNN,correct trials,incorrect trials,"T-7,T-6,T-5",22.0,0.5653774473792501,339.93333333333334,,,,0.15095586041505965,0.2182869575995331,0.25751010314044026,,,,,,,,,,,,
data_vanBoxtel_2019_Expt1,RNN,incorrect trials,correct trials,"T-3,T-2,T-1",22.0,0.5679278512098497,1253.0666666666666,,,,0.10655272843367936,0.15301586530792216,0.17761284872475597,,,,,,,,,,,,
data_vanBoxtel_2019_Expt1,RNN,incorrect trials,correct trials,"T-7,T-6,T-5",22.0,0.5378261212710538,1253.0666666666666,,,,0.10509748963846098,0.16547143538482487,0.20137717900797725,,,,,,,,,,,,
data_vanBoxtel_2019_Expt1,RNN,incorrect trials,incorrect trials,"T-3,T-2,T-1",22.0,0.6132543282489048,1665.8777777777777,,,,0.11219490308107602,0.156730532935924,0.18173087602998647,,,,,,,,,,,,
data_vanBoxtel_2019_Expt1,RNN,incorrect trials,incorrect trials,"T-7,T-6,T-5",22.0,0.5792748563927897,1665.8777777777777,,,,0.10486216854511034,0.1630847213016346,0.19854801731805008,,,,,,,,,,,,
data_vanBoxtel_2019_Expt1,SVM,correct trials,correct trials,"T-3,T-2,T-1",22.0,0.5830666556421493,1253.0666666666666,,,,,,,-0.1009190373564881,-0.0371597967612729,0.02501580128695397,0.10505012333186754,-0.10992611455064376,-0.03693269064881857,0.020206944236817126,0.11685108497905229,-0.15659594731238988,-0.0550415379088742,0.03288717580150646,0.16467807301217938
data_vanBoxtel_2019_Expt1,SVM,correct trials,correct trials,"T-7,T-6,T-5",22.0,0.5465866129996559,1253.0666666666666,,,,,,,-0.09478901939481454,-0.0393214598970961,0.015404610592730156,0.10838328291650029,-0.09649317093810254,-0.034117216597951035,0.019731122029320092,0.10238280969075295,-0.10802402059062825,-0.03933444504548723,0.022775356407156326,0.11454681245731028
data_vanBoxtel_2019_Expt1,SVM,correct trials,incorrect trials,"T-3,T-2,T-1",22.0,0.6370109368778684,339.93333333333334,,,,,,,-0.1009190373564881,-0.0371597967612729,0.02501580128695397,0.10505012333186754,-0.10992611455064376,-0.03693269064881857,0.020206944236817126,0.11685108497905229,-0.15659594731238988,-0.0550415379088742,0.03288717580150646,0.16467807301217938
data_vanBoxtel_2019_Expt1,SVM,correct trials,incorrect trials,"T-7,T-6,T-5",22.0,0.5754755312054252,339.93333333333334,,,,,,,-0.09478901939481454,-0.0393214598970961,0.015404610592730156,0.10838328291650029,-0.09649317093810254,-0.034117216597951035,0.019731122029320092,0.10238280969075295,-0.10802402059062825,-0.03933444504548723,0.022775356407156326,0.11454681245731028
data_vanBoxtel_2019_Expt1,SVM,incorrect trials,correct trials,"T-3,T-2,T-1",22.0,0.5833469318714793,1253.0666666666666,,,,,,,-0.09543239436920935,-0.045463466047186575,0.024247283263264797,0.10773638521179445,-0.11789583678309853,-0.03158460394218222,0.016674116492654188,0.1228077028231231,-0.15411178396770575,-0.05565150201692151,0.030969360179419318,0.16462971243304392
data_vanBoxtel_2019_Expt1,SVM,incorrect trials,correct trials,"T-7,T-6,T-5",22.0,0.5461254034645587,1253.0666666666666,,,,,,,-0.0841589175720793,-0.036727053985311446,0.016462482509950645,0.09589136700245779,-0.09901826657146279,-0.03248362679674506,0.013425285430388352,0.10816690934752968,-0.10754270959357692,-0.036589158069799496,0.020901885699208908,0.11363399681588154
data_vanBoxtel_2019_Expt1,SVM,incorrect trials,incorrect trials,"T-3,T-2,T-1",22.0,0.6378809650228981,339.93333333333334,,,,,,,-0.09543239436920935,-0.045463466047186575,0.024247283263264797,0.10773638521179445,-0.11789583678309853,-0.03158460394218222,0.016674116492654188,0.1228077028231231,-0.15411178396770575,-0.05565150201692151,0.030969360179419318,0.16462971243304392
data_vanBoxtel_2019_Expt1,SVM,incorrect trials,incorrect trials,"T-7,T-6,T-5",22.0,0.573800666582448,339.93333333333334,,,,,,,-0.0841589175720793,-0.036727053985311446,0.016462482509950645,0.09589136700245779,-0.09901826657146279,-0.03248362679674506,0.013425285430388352,0.10816690934752968,-0.10754270959357692,-0.036589158069799496,0.020901885699208908,0.11363399681588154
data_vanBoxtel_2019_Expt2,RF,correct trials,correct trials,"T-3,T-2,T-1",18.0,0.6920676776886747,1138.5675675675675,0.020873281816618343,0.024527001102343144,0.08493287760752584,,,,,,,,,,,,,,,
data_vanBoxtel_2019_Expt2,RF,correct trials,correct trials,"T-7,T-6,T-5",18.0,0.6162956076164043,1138.5675675675675,0.02130118244859575,0.020499960414699127,0.030116951295456974,,,,,,,,,,,,,,,
data_vanBoxtel_2019_Expt2,RF,correct trials,incorrect trials,"T-3,T-2,T-1",18.0,0.687687526440302,454.43243243243245,0.01628451780410242,0.02636113571569795,0.064998084789303,,,,,,,,,,,,,,,
data_vanBoxtel_2019_Expt2,RF,correct trials,incorrect trials,"T-7,T-6,T-5",18.0,0.6311531084369357,454.43243243243245,0.018842026909842678,0.021931749163179574,0.026231947413537553,,,,,,,,,,,,,,,
data_vanBoxtel_2019_Expt2,RF,incorrect trials,correct trials,"T-3,T-2,T-1",18.0,0.6923032290619492,1138.5675675675675,0.022617490211358858,0.029561938519385152,0.08292652298298551,,,,,,,,,,,,,,,
data_vanBoxtel_2019_Expt2,RF,incorrect trials,correct trials,"T-7,T-6,T-5",18.0,0.6142234087532101,1138.5675675675675,0.020445601692580927,0.018409303602617277,0.030357074711807652,,,,,,,,,,,,,,,
data_vanBoxtel_2019_Expt2,RF,incorrect trials,incorrect trials,"T-3,T-2,T-1",18.0,0.6873729982545473,454.43243243243245,0.017756490017813587,0.027775812438470587,0.06409840206548827,,,,,,,,,,,,,,,
data_vanBoxtel_2019_Expt2,RF,incorrect trials,incorrect trials,"T-7,T-6,T-5",18.0,0.6313307398299767,454.43243243243245,0.019327063649279348,0.024929092158207506,0.030465844900104944,,,,,,,,,,,,,,,
data_vanBoxtel_2019_Expt2,RNN,correct trials,correct trials,"T-3,T-2,T-1",18.0,0.7086447159973911,4668.324324324324,,,,-0.0034591066212030547,0.012543665559024768,0.021066311994611543,,,,,,,,,,,,
data_vanBoxtel_2019_Expt2,RNN,correct trials,correct trials,"T-7,T-6,T-5",18.0,0.6554779451478493,4668.324324324324,,,,0.0038119419159310963,0.01471510313127214,0.0222917414581831,,,,,,,,,,,,
data_vanBoxtel_2019_Expt2,RNN,correct trials,incorrect trials,"T-3,T-2,T-1",18.0,0.650868857649159,454.43243243243245,,,,0.004853980574832376,0.020050336968631968,0.03565213519677116,,,,,,,,,,,,
data_vanBoxtel_2019_Expt2,RNN,correct trials,incorrect trials,"T-7,T-6,T-5",18.0,0.6021071251871865,454.43243243243245,,,,0.0091788861585932,0.022488225175923603,0.030576058883673044,,,,,,,,,,,,
data_vanBoxtel_2019_Expt2,RNN,incorrect trials,correct trials,"T-3,T-2,T-1",18.0,0.6567012020106208,1138.5675675675675,,,,0.023525893914739828,0.04664405932448603,0.05592006404657621,,,,,,,,,,,,
data_vanBoxtel_2019_Expt2,RNN,incorrect trials,correct trials,"T-7,T-6,T-5",18.0,0.5981546210861596,1138.5675675675675,,,,0.021974773926509383,0.04222764096197646,0.05362503959268734,,,,,,,,,,,,
data_vanBoxtel_2019_Expt2,RNN,incorrect trials,incorrect trials,"T-3,T-2,T-1",18.0,0.6922383375631725,1863.337837837838,,,,0.029350208875404994,0.051794876772406934,0.06529959749329733,,,,,,,,,,,,
data_vanBoxtel_2019_Expt2,RNN,incorrect trials,incorrect trials,"T-7,T-6,T-5",18.0,0.6489636072529089,1863.337837837838,,,,0.024804483916660805,0.046360299744559894,0.058514552901977206,,,,,,,,,,,,
data_vanBoxtel_2019_Expt2,SVM,correct trials,correct trials,"T-3,T-2,T-1",18.0,0.6551911995851211,1138.5675675675675,,,,,,,-0.1362755096366444,-0.05884762855155166,0.041994401800325126,0.15397688487019845,-0.1301071661846874,-0.0793965934687592,0.03540804702996113,0.1763558831377586,-0.20508586095321843,-0.10448544270430789,0.061913524522546726,0.24617846420115624
data_vanBoxtel_2019_Expt2,SVM,correct trials,correct trials,"T-7,T-6,T-5",18.0,0.5975576321579066,1138.5675675675675,,,,,,,-0.1298446695545944,-0.06731584162697568,0.04341964804520817,0.14631776272766514,-0.12684919850906592,-0.0659488676279009,0.03686363722415129,0.14875405302830264,-0.13918403381450223,-0.07633350996026729,0.04386226533253121,0.1633988364258978
data_vanBoxtel_2019_Expt2,SVM,correct trials,incorrect trials,"T-3,T-2,T-1",18.0,0.6474047221654384,454.43243243243245,,,,,,,-0.1362755096366444,-0.05884762855155166,0.041994401800325126,0.15397688487019845,-0.1301071661846874,-0.0793965934687592,0.03540804702996113,0.1763558831377586,-0.20508586095321843,-0.10448544270430789,0.061913524522546726,0.24617846420115624
data_vanBoxtel_2019_Expt2,SVM,correct trials,incorrect trials,"T-7,T-6,T-5",18.0,0.5962987051521078,454.43243243243245,,,,,,,-0.1298446695545944,-0.06731584162697568,0.04341964804520817,0.14631776272766514,-0.12684919850906592,-0.0659488676279009,0.03686363722415129,0.14875405302830264,-0.13918403381450223,-0.07633350996026729,0.04386226533253121,0.1633988364258978
data_vanBoxtel_2019_Expt2,SVM,incorrect trials,correct trials,"T-3,T-2,T-1",18.0,0.6543632108539209,1138.5675675675675,,,,,,,-0.1220259059845804,-0.06705212982913615,0.03546571151500055,0.1586625166865716,-0.13661787750940743,-0.07057244142085603,0.028334603970056462,0.18577612327483514,-0.20024012539190475,-0.10776167502371502,0.07207375704273492,0.23790145998553536
data_vanBoxtel_2019_Expt2,SVM,incorrect trials,correct trials,"T-7,T-6,T-5",18.0,0.5980578813732739,1138.5675675675675,,,,,,,-0.1263235373080275,-0.06676596410724416,0.042347913448620454,0.14649437506063115,-0.11983421631005237,-0.06757192819943163,0.0331319040371816,0.1499352596518902,-0.14506671078664013,-0.07878301009611346,0.04541755724955737,0.1725955753032737
data_vanBoxtel_2019_Expt2,SVM,incorrect trials,incorrect trials,"T-3,T-2,T-1",18.0,0.648890039006374,454.43243243243245,,,,,,,-0.1220259059845804,-0.06705212982913615,0.03546571151500055,0.1586625166865716,-0.13661787750940743,-0.07057244142085603,0.028334603970056462,0.18577612327483514,-0.20024012539190475,-0.10776167502371502,0.07207375704273492,0.23790145998553536
data_vanBoxtel_2019_Expt2,SVM,incorrect trials,incorrect trials,"T-7,T-6,T-5",18.0,0.5966682335268706,454.43243243243245,,,,,,,-0.1263235373080275,-0.06676596410724416,0.042347913448620454,0.14649437506063115,-0.11983421631005237,-0.06757192819943163,0.0331319040371816,0.1499352596518902,-0.14506671078664013,-0.07878301009611346,0.04541755724955737,0.1725955753032737
