study_name,decoder,accuracy_train,accuracy_test,fold,score,n_sample,weight T-7 C-0,weight T-7 C-1,weight T-7 C-2,weight T-7 C-3,weight T-6 C-0,weight T-6 C-1,weight T-6 C-2,weight T-6 C-3,weight T-5 C-0,weight T-5 C-1,weight T-5 C-2,weight T-5 C-3,weight T-4 C-0,weight T-4 C-1,weight T-4 C-2,weight T-4 C-3,weight T-3 C-0,weight T-3 C-1,weight T-3 C-2,weight T-3 C-3,weight T-2 C-0,weight T-2 C-1,weight T-2 C-2,weight T-2 C-3,weight T-1 C-0,weight T-1 C-1,weight T-1 C-2,weight T-1 C-3,hidden_state T-7,hidden_state T-6,hidden_state T-5,hidden_state T-4,hidden_state T-3,hidden_state T-2,hidden_state T-1,feature importance T-7,feature importance T-6,feature importance T-5,feature importance T-4,feature importance T-3,feature importance T-2,feature importance T-1
data_Bang_2019_Exp1,RF,correct trials,correct trials,5.5,0.7849731363355271,2755.6666666666665,,,,,,,,,,,,,,,,,,,,,,,,,,,,,,,,,,,,0.01724833013634015,0.020722398542219248,0.02703429183772711,0.03027574100409425,0.025783061641127713,0.035464678840637844,0.19688365740247463
data_Bang_2019_Exp1,RF,correct trials,incorrect trials,5.5,0.6929375700217838,772.8333333333334,,,,,,,,,,,,,,,,,,,,,,,,,,,,,,,,,,,,0.011705902436043233,0.014958956127925749,0.018365123238823253,0.018777315951891214,0.014979995685246836,0.021702100314429495,0.07388369922668546
data_Bang_2019_Exp1,RF,incorrect trials,correct trials,5.5,0.7706327480912094,2755.6666666666665,,,,,,,,,,,,,,,,,,,,,,,,,,,,,,,,,,,,0.011303287687265892,0.008572973605796399,0.01865176278391506,0.022216283922377428,0.0225215983917134,0.03023473657380872,0.18526066020435983
data_Bang_2019_Exp1,RF,incorrect trials,incorrect trials,5.5,0.680058223482658,772.8333333333334,,,,,,,,,,,,,,,,,,,,,,,,,,,,,,,,,,,,0.009516403645708823,0.00881599937210214,0.012234886095668598,0.012249961424366183,0.013130684444318941,0.014437184626783504,0.06287277814866758
data_Bang_2019_Exp1,RNN,correct trials,correct trials,5.5,0.7952658694502351,4409.25,,,,,,,,,,,,,,,,,,,,,,,,,,,,,0.06640558107756077,0.05023517701677822,0.04073435795241189,0.03441050864057613,0.029593556265657114,0.025845109213454006,0.0227265356807038,,,,,,,
data_Bang_2019_Exp1,RNN,correct trials,incorrect trials,5.5,0.7089533074111012,772.8333333333334,,,,,,,,,,,,,,,,,,,,,,,,,,,,,0.16642705164849755,0.19328882855673632,0.22179106374581656,0.25113584597905475,0.2787635127703349,0.30585903301835055,0.3293417617678642,,,,,,,
data_Bang_2019_Exp1,RNN,incorrect trials,correct trials,5.5,0.7947798529091123,2755.6666666666665,,,,,,,,,,,,,,,,,,,,,,,,,,,,,0.040850024199850545,0.023584668679783732,0.01033518604648026,-0.0002507807415289068,-0.008982377126812942,-0.016689824095616732,-0.023209688156687964,,,,,,,
data_Bang_2019_Exp1,RNN,incorrect trials,incorrect trials,5.5,0.7469967089119662,1236.7083333333333,,,,,,,,,,,,,,,,,,,,,,,,,,,,,0.10576287967463333,0.12006426524991787,0.13246325855531418,0.14566007559218025,0.15881884028203785,0.17175970272364793,0.1838865380462569,,,,,,,
data_Bang_2019_Exp1,SVM,correct trials,correct trials,5.5,0.7913229835669311,2755.6666666666665,-0.017741415252317053,0.06185514326261924,0.10689056768315801,-0.16321387601827395,-0.019026797387209277,0.018348660418914597,0.05723131316922637,-0.06785490795817807,-0.044153945355392805,0.006106087460139566,0.031982443893152294,0.006111933666012399,-0.04910240865523918,0.007193826500980467,0.00978826870784775,0.014339689685970375,-0.053981974025197,-0.024804109550360748,0.010798119866423058,0.05104576620136769,-0.09534190989555856,-0.06812137978076742,-0.031647624652645236,0.21643637022299145,-0.3480025349918048,-0.1534929805042864,0.018324093972504025,0.6365365446385719,,,,,,,,,,,,,,
data_Bang_2019_Exp1,SVM,correct trials,incorrect trials,5.5,0.7091759168975188,772.8333333333334,-0.017741415252317053,0.06185514326261924,0.10689056768315801,-0.16321387601827395,-0.019026797387209277,0.018348660418914597,0.05723131316922637,-0.06785490795817807,-0.044153945355392805,0.006106087460139566,0.031982443893152294,0.006111933666012399,-0.04910240865523918,0.007193826500980467,0.00978826870784775,0.014339689685970375,-0.053981974025197,-0.024804109550360748,0.010798119866423058,0.05104576620136769,-0.09534190989555856,-0.06812137978076742,-0.031647624652645236,0.21643637022299145,-0.3480025349918048,-0.1534929805042864,0.018324093972504025,0.6365365446385719,,,,,,,,,,,,,,
data_Bang_2019_Exp1,SVM,incorrect trials,correct trials,5.5,0.7898572830143853,2755.6666666666665,-0.028011676494640755,0.0690181704697069,0.1165002359514798,-0.17281320586415885,-0.016795171471764552,0.02200724955782431,0.05275146125499294,-0.06583594688430824,-0.04075427865425322,-0.004261928714576767,0.03308391818469225,0.013099505711978057,-0.051266117133697824,0.007010077912628576,0.005592128400048392,0.0230875045368288,-0.05804103279085219,-0.024184890144118384,0.01540785208942746,0.05095044605268286,-0.09051715273513657,-0.0705765376711287,-0.036804708258271805,0.22249776340603553,-0.3431279517190658,-0.14986056799511152,0.017232604492812904,0.6355084810081079,,,,,,,,,,,,,,
data_Bang_2019_Exp1,SVM,incorrect trials,incorrect trials,5.5,0.7097239714934829,772.8333333333334,-0.028011676494640755,0.0690181704697069,0.1165002359514798,-0.17281320586415885,-0.016795171471764552,0.02200724955782431,0.05275146125499294,-0.06583594688430824,-0.04075427865425322,-0.004261928714576767,0.03308391818469225,0.013099505711978057,-0.051266117133697824,0.007010077912628576,0.005592128400048392,0.0230875045368288,-0.05804103279085219,-0.024184890144118384,0.01540785208942746,0.05095044605268286,-0.09051715273513657,-0.0705765376711287,-0.036804708258271805,0.22249776340603553,-0.3431279517190658,-0.14986056799511152,0.017232604492812904,0.6355084810081079,,,,,,,,,,,,,,
data_Bang_2019_Exp2,RF,correct trials,correct trials,100.0,0.6270139778727747,140.53731343283582,,,,,,,,,,,,,,,,,,,,,,,,,,,,,,,,,,,,0.010215966437116513,0.00938654706089974,0.006837248482101442,0.009383741612663216,0.01016767334024294,0.01396006148479684,0.03873977189590174
data_Bang_2019_Exp2,RF,correct trials,incorrect trials,100.0,0.6379624952771834,52.46268656716418,,,,,,,,,,,,,,,,,,,,,,,,,,,,,,,,,,,,0.004504978729403688,0.005980425353571185,0.005098470205547213,0.005171160696683451,0.01281246500607959,0.007260050454633656,0.03247007223606493
data_Bang_2019_Exp2,RF,incorrect trials,correct trials,100.0,0.6266246819447864,140.53731343283582,,,,,,,,,,,,,,,,,,,,,,,,,,,,,,,,,,,,0.00553602298705204,0.00642494980586928,0.009539604130363278,0.006173276148145458,0.012633659486721427,0.010908661313525752,0.03853372402021988
data_Bang_2019_Exp2,RF,incorrect trials,incorrect trials,100.0,0.6403716832159111,52.46268656716418,,,,,,,,,,,,,,,,,,,,,,,,,,,,,,,,,,,,0.0071613163585010535,0.005236796090366524,0.003662378881809608,0.004308630342952029,0.01184825518172451,0.009143650648505478,0.031720018565233085
data_Bang_2019_Exp2,RNN,correct trials,correct trials,100.0,0.6917399819278949,2881.2139303482586,,,,,,,,,,,,,,,,,,,,,,,,,,,,,0.056430554031831705,0.07009142051382565,0.07298207346092798,0.07319570525053573,0.0718133339368934,0.07043405508109084,0.07021909042039136,,,,,,,
data_Bang_2019_Exp2,RNN,correct trials,incorrect trials,100.0,0.6507064193479695,52.46268656716418,,,,,,,,,,,,,,,,,,,,,,,,,,,,,0.07282596199416477,0.09367853263566799,0.1021073375219266,0.1052094634659403,0.10596465324106338,0.10451425235939736,0.1040971149946447,,,,,,,
data_Bang_2019_Exp2,RNN,incorrect trials,correct trials,100.0,0.6386839025064558,140.53731343283582,,,,,,,,,,,,,,,,,,,,,,,,,,,,,0.06024093323981444,0.07977971031020083,0.08653589960104272,0.08851525255328911,0.089259897885046,0.08951462374592375,0.08940220347012565,,,,,,,
data_Bang_2019_Exp2,RNN,incorrect trials,incorrect trials,100.0,0.6938420587888969,1075.6915422885572,,,,,,,,,,,,,,,,,,,,,,,,,,,,,0.07078935009304582,0.0954397613226392,0.10635124997363832,0.11000294579911614,0.11281366975698852,0.11318482578221235,0.11201410689993543,,,,,,,
data_Bang_2019_Exp2,SVM,correct trials,correct trials,100.0,0.6400857050513861,140.53731343283582,-0.06711229200850892,-0.032754372081690374,0.022024184771387977,0.07975452729411532,-0.06444571820871288,-0.026224374403546916,0.021135804248023648,0.07212350150481608,-0.0673329372231479,-0.0226949404423649,0.018848803699378153,0.07398611865201017,-0.06862091214489055,-0.017069208728424275,0.0031713232611391812,0.08694030458419492,-0.08865588405428736,-0.012046036181192429,0.009854447535481018,0.09550409437895495,-0.09772676249953782,-0.022604549794141383,0.020561132218673037,0.10401322655258131,-0.17062612484282225,-0.04158447272721642,0.03142477342580645,0.18770509262885743,,,,,,,,,,,,,,
data_Bang_2019_Exp2,SVM,correct trials,incorrect trials,100.0,0.6415524823111224,52.46268656716418,-0.06711229200850892,-0.032754372081690374,0.022024184771387977,0.07975452729411532,-0.06444571820871288,-0.026224374403546916,0.021135804248023648,0.07212350150481608,-0.0673329372231479,-0.0226949404423649,0.018848803699378153,0.07398611865201017,-0.06862091214489055,-0.017069208728424275,0.0031713232611391812,0.08694030458419492,-0.08865588405428736,-0.012046036181192429,0.009854447535481018,0.09550409437895495,-0.09772676249953782,-0.022604549794141383,0.020561132218673037,0.10401322655258131,-0.17062612484282225,-0.04158447272721642,0.03142477342580645,0.18770509262885743,,,,,,,,,,,,,,
data_Bang_2019_Exp2,SVM,incorrect trials,correct trials,100.0,0.6401922414089597,140.53731343283582,-0.05990339725416735,-0.027395766295495748,0.00800429497496781,0.08433927870025723,-0.07433408755502495,-0.007433197594962271,0.009479218769662809,0.07529048773836226,-0.06198624809827959,-0.027820437549163815,0.018806077872072734,0.07514074039335442,-0.06820963683775116,-0.03007947062573323,0.01495619015315439,0.09280667802670106,-0.08123223147744334,-0.025770386498852545,0.0042307416208043035,0.11129006401746058,-0.10049044440440903,-0.014400175114660458,0.032621832025230085,0.08465139116303402,-0.17858022358227654,-0.044391764853560035,0.03835570176228439,0.19482779695127173,,,,,,,,,,,,,,
data_Bang_2019_Exp2,SVM,incorrect trials,incorrect trials,100.0,0.6395021238066921,52.46268656716418,-0.05990339725416735,-0.027395766295495748,0.00800429497496781,0.08433927870025723,-0.07433408755502495,-0.007433197594962271,0.009479218769662809,0.07529048773836226,-0.06198624809827959,-0.027820437549163815,0.018806077872072734,0.07514074039335442,-0.06820963683775116,-0.03007947062573323,0.01495619015315439,0.09280667802670106,-0.08123223147744334,-0.025770386498852545,0.0042307416208043035,0.11129006401746058,-0.10049044440440903,-0.014400175114660458,0.032621832025230085,0.08465139116303402,-0.17858022358227654,-0.044391764853560035,0.03835570176228439,0.19482779695127173,,,,,,,,,,,,,,
data_Gajdos_2019,RF,correct trials,correct trials,10.5,0.5693999344992459,406.04545454545456,,,,,,,,,,,,,,,,,,,,,,,,,,,,,,,,,,,,-0.0003383952210221176,-0.001247347748826109,0.00956071605449559,0.005563488314674709,0.009798619552137712,0.012290182868137057,0.046391058072334325
data_Gajdos_2019,RF,correct trials,incorrect trials,10.5,0.5771048679019448,109.18181818181819,,,,,,,,,,,,,,,,,,,,,,,,,,,,,,,,,,,,-0.0015312587505146857,0.008826487213600012,0.022579060075583232,0.0019048009688220088,0.009015221161207234,0.01416384535151084,0.03478362158780134
data_Gajdos_2019,RF,incorrect trials,correct trials,10.5,0.5742542349987795,406.04545454545456,,,,,,,,,,,,,,,,,,,,,,,,,,,,,,,,,,,,0.0012829475221566003,0.009043467693748574,0.007721608266567522,0.0057705506243218374,0.01061669937567994,0.008724660592873155,0.04449654882986319
data_Gajdos_2019,RF,incorrect trials,incorrect trials,10.5,0.5588280552847416,109.18181818181819,,,,,,,,,,,,,,,,,,,,,,,,,,,,,,,,,,,,-0.006717036996327833,0.005456314276509587,0.002829702101300545,-0.0023543123234780403,0.0012169884011142948,0.0077258399442985,0.01563198624679711
data_Gajdos_2019,RNN,correct trials,correct trials,10.5,0.620515570278246,1055.909090909091,,,,,,,,,,,,,,,,,,,,,,,,,,,,,0.0913358770988204,0.1233548702121797,0.1370852276344191,0.1417843925724314,0.14318667826327408,0.14614476274106314,0.1458741955205121,,,,,,,
data_Gajdos_2019,RNN,correct trials,incorrect trials,10.5,0.572692389649024,109.18181818181819,,,,,,,,,,,,,,,,,,,,,,,,,,,,,0.09509138665585355,0.12662592530250547,0.15331185634501954,0.15143877725032243,0.15171663285317744,0.14309985470026731,0.1553090488199483,,,,,,,
data_Gajdos_2019,RNN,incorrect trials,correct trials,10.5,0.5628177063389086,406.04545454545456,,,,,,,,,,,,,,,,,,,,,,,,,,,,,0.06440393224527886,0.10295492850921371,0.1275200421329249,0.1444340500641953,0.15521691129966217,0.16384573822671716,0.1692286694253033,,,,,,,
data_Gajdos_2019,RNN,incorrect trials,incorrect trials,10.5,0.5692634449884685,284.04545454545456,,,,,,,,,,,,,,,,,,,,,,,,,,,,,0.06540126797997137,0.1043354737233709,0.13437427038496189,0.15029739584265783,0.1587058527987789,0.1647390287835151,0.17190587605265054,,,,,,,
data_Gajdos_2019,SVM,correct trials,correct trials,10.5,0.6176324809011381,406.04545454545456,-0.012989587960401694,-0.011567296944962918,-0.002368466969655832,0.026436868574829263,-0.027937277074863386,-0.02269321171981708,-0.003531959480510624,0.053885367010551626,-0.0028431148508386277,-0.012461280356486608,-0.020836403741741876,0.038954118601752616,-0.038979863201640236,-0.02341016853964077,0.005285416163796595,0.054815288332918356,-0.03204292886761135,-0.03026846408591253,0.006636810606410735,0.05398253679755547,-0.041478238493078,-0.028853861407118,-0.020913389930403068,0.0916661694059817,-0.14055317908242054,-0.08482395321756579,-0.011520866853194344,0.22865659294991786,,,,,,,,,,,,,,
data_Gajdos_2019,SVM,correct trials,incorrect trials,10.5,0.5738837157130852,109.18181818181819,-0.012989587960401694,-0.011567296944962918,-0.002368466969655832,0.026436868574829263,-0.027937277074863386,-0.02269321171981708,-0.003531959480510624,0.053885367010551626,-0.0028431148508386277,-0.012461280356486608,-0.020836403741741876,0.038954118601752616,-0.038979863201640236,-0.02341016853964077,0.005285416163796595,0.054815288332918356,-0.03204292886761135,-0.03026846408591253,0.006636810606410735,0.05398253679755547,-0.041478238493078,-0.028853861407118,-0.020913389930403068,0.0916661694059817,-0.14055317908242054,-0.08482395321756579,-0.011520866853194344,0.22865659294991786,,,,,,,,,,,,,,
data_Gajdos_2019,SVM,incorrect trials,correct trials,10.5,0.612446790486583,406.04545454545456,-0.01563547206003706,-0.010396815635925191,-0.0024807938111101337,0.028031340975351326,-0.03325282203950291,-0.015085214100825473,-0.002637953522110791,0.05001581099535153,-0.0030396612566076582,-0.018740004861437346,-0.021138091062953293,0.0462366460570939,-0.030690519177612906,-0.02578965473185414,0.002840862537567632,0.05235272661330552,-0.036785011587913814,-0.024104825023482327,0.0010197493375197907,0.0588130454475617,-0.04023953845392495,-0.03162839091467614,-0.01507717918227701,0.08672308484979241,-0.1406631187518136,-0.08153435211798808,-0.008797168595887996,0.2236465304303893,,,,,,,,,,,,,,
data_Gajdos_2019,SVM,incorrect trials,incorrect trials,10.5,0.5681590542649578,109.18181818181819,-0.01563547206003706,-0.010396815635925191,-0.0024807938111101337,0.028031340975351326,-0.03325282203950291,-0.015085214100825473,-0.002637953522110791,0.05001581099535153,-0.0030396612566076582,-0.018740004861437346,-0.021138091062953293,0.0462366460570939,-0.030690519177612906,-0.02578965473185414,0.002840862537567632,0.05235272661330552,-0.036785011587913814,-0.024104825023482327,0.0010197493375197907,0.0588130454475617,-0.04023953845392495,-0.03162839091467614,-0.01507717918227701,0.08672308484979241,-0.1406631187518136,-0.08153435211798808,-0.008797168595887996,0.2236465304303893,,,,,,,,,,,,,,
data_Haddara_unpub,RF,correct trials,correct trials,221.0,0.6522060114659226,359.7923250564334,,,,,,,,,,,,,,,,,,,,,,,,,,,,,,,,,,,,0.008185240710705744,0.007944503710290806,0.01116754325222336,0.01111309819252327,0.012255567445109954,0.01361927788677041,0.03421852061739067
data_Haddara_unpub,RF,correct trials,incorrect trials,221.0,0.647077372784945,113.20767494356659,,,,,,,,,,,,,,,,,,,,,,,,,,,,,,,,,,,,0.008977398784105244,0.009388950388883098,0.007299844038791279,0.009980265808546303,0.01176290658896943,0.013130515088852046,0.028681289926430036
data_Haddara_unpub,RF,incorrect trials,correct trials,221.0,0.6432457874375235,359.7923250564334,,,,,,,,,,,,,,,,,,,,,,,,,,,,,,,,,,,,0.008226628910534762,0.008635462215682635,0.010671996969776781,0.012665349773761561,0.010989368264204403,0.0136762208608302,0.03331043823421851
data_Haddara_unpub,RF,incorrect trials,incorrect trials,221.0,0.6357974634682105,113.20767494356659,,,,,,,,,,,,,,,,,,,,,,,,,,,,,,,,,,,,0.004579305835052606,0.00618225092425851,0.009439959946417187,0.00865213219756674,0.010020709729110412,0.010211254025317622,0.02485011739191876
data_Haddara_unpub,RNN,correct trials,correct trials,221.0,0.7066504130797474,16082.920993227992,,,,,,,,,,,,,,,,,,,,,,,,,,,,,0.022344691945250673,0.022468343860447156,0.019340829722288705,0.016359309077343814,0.0139303463704647,0.012802269347534992,0.011643543049536943,,,,,,,
data_Haddara_unpub,RNN,correct trials,incorrect trials,221.0,0.6262856906910412,113.20767494356659,,,,,,,,,,,,,,,,,,,,,,,,,,,,,0.03060178606837681,0.03279613188174122,0.029761844663683673,0.027597093156593564,0.025886685680755694,0.02386619033066989,0.024160190760820228,,,,,,,
data_Haddara_unpub,RNN,incorrect trials,correct trials,221.0,0.6543431239131208,359.7923250564334,,,,,,,,,,,,,,,,,,,,,,,,,,,,,0.013469127151181813,0.014367110092148805,0.012323164350143476,0.010062938088639986,0.008410192944929866,0.007355991768394065,0.006419296646750854,,,,,,,
data_Haddara_unpub,RNN,incorrect trials,incorrect trials,221.0,0.6909883409102219,5060.579006772009,,,,,,,,,,,,,,,,,,,,,,,,,,,,,0.01980447566065633,0.022083577171405303,0.020194693304118397,0.019155406047839465,0.018063232339988355,0.016382389597789333,0.01644604359257581,,,,,,,
data_Haddara_unpub,SVM,correct trials,correct trials,221.0,0.6533683761655534,359.7923250564334,-0.06138300395191413,-0.04358579392174094,0.0009632559296022901,0.09738879234717676,-0.06073030964459042,-0.04296155174465193,0.0033386282889588358,0.09298529744633781,-0.053145621485431914,-0.04900676724138306,0.0019712532476014676,0.09493582257282428,-0.07022983176226033,-0.045791320389583896,0.00029207332713498263,0.10543059575525528,-0.0585535470408503,-0.05149237507227258,-0.005879632477620336,0.11048990054287275,-0.0805650581156686,-0.05151332476117771,-0.0045582606811721315,0.12451947092625561,-0.12477912382547023,-0.08627660080498836,-0.0075882561903760255,0.1972432166362793,,,,,,,,,,,,,,
data_Haddara_unpub,SVM,correct trials,incorrect trials,221.0,0.6243719651520899,113.20767494356659,-0.06138300395191413,-0.04358579392174094,0.0009632559296022901,0.09738879234717676,-0.06073030964459042,-0.04296155174465193,0.0033386282889588358,0.09298529744633781,-0.053145621485431914,-0.04900676724138306,0.0019712532476014676,0.09493582257282428,-0.07022983176226033,-0.045791320389583896,0.00029207332713498263,0.10543059575525528,-0.0585535470408503,-0.05149237507227258,-0.005879632477620336,0.11048990054287275,-0.0805650581156686,-0.05151332476117771,-0.0045582606811721315,0.12451947092625561,-0.12477912382547023,-0.08627660080498836,-0.0075882561903760255,0.1972432166362793,,,,,,,,,,,,,,
data_Haddara_unpub,SVM,incorrect trials,correct trials,221.0,0.6534261996510108,359.7923250564334,-0.06407375256061655,-0.045934874736437384,-0.0001301911256942381,0.1033343031601426,-0.05337076625147955,-0.049603570756377106,0.0052065191266757165,0.09071495911974063,-0.061585590553559354,-0.050797281230697544,0.004033482026738381,0.10062247572427957,-0.07189901718747609,-0.04587489329877389,-0.0010005050511399608,0.10865429588990734,-0.054678188486877916,-0.05304922215628335,-0.0027342033587504063,0.105925194767346,-0.08033020003337461,-0.04489779875636234,-0.01028198745549679,0.12448471717771772,-0.12627927714439585,-0.08738665194024449,-0.005658912831372092,0.19704512211139497,,,,,,,,,,,,,,
data_Haddara_unpub,SVM,incorrect trials,incorrect trials,221.0,0.624744051006967,113.20767494356659,-0.06407375256061655,-0.045934874736437384,-0.0001301911256942381,0.1033343031601426,-0.05337076625147955,-0.049603570756377106,0.0052065191266757165,0.09071495911974063,-0.061585590553559354,-0.050797281230697544,0.004033482026738381,0.10062247572427957,-0.07189901718747609,-0.04587489329877389,-0.0010005050511399608,0.10865429588990734,-0.054678188486877916,-0.05304922215628335,-0.0027342033587504063,0.105925194767346,-0.08033020003337461,-0.04489779875636234,-0.01028198745549679,0.12448471717771772,-0.12627927714439585,-0.08738665194024449,-0.005658912831372092,0.19704512211139497,,,,,,,,,,,,,,
data_Koculak_unpub,RF,correct trials,correct trials,26.5,0.5898723364328403,317.31481481481484,,,,,,,,,,,,,,,,,,,,,,,,,,,,,,,,,,,,-0.0015632956533653361,0.00506232166034633,0.0054458094466735656,0.0046810118798270356,0.00473749143878984,0.00537378496688611,0.012485980542927528
data_Koculak_unpub,RF,correct trials,incorrect trials,26.5,0.5825744049492383,312.01851851851853,,,,,,,,,,,,,,,,,,,,,,,,,,,,,,,,,,,,0.003914869373025003,0.0016865512286420466,0.004291503143548913,0.003723473019884274,0.004441924106840833,0.0017272875616998955,0.01422442853661523
data_Koculak_unpub,RF,incorrect trials,correct trials,26.5,0.5917115466090693,317.31481481481484,,,,,,,,,,,,,,,,,,,,,,,,,,,,,,,,,,,,0.005924699295547448,0.006502270782935544,0.004939760025857532,0.004882162048558848,0.005796868938629152,0.010102701496149648,0.016335129659641394
data_Koculak_unpub,RF,incorrect trials,incorrect trials,26.5,0.5840108570174939,312.01851851851853,,,,,,,,,,,,,,,,,,,,,,,,,,,,,,,,,,,,0.003174450678566345,0.007655723792049266,0.0033232304825755446,0.001867579599854582,0.007040999874447422,0.009092696628092959,0.019750366848500688
data_Koculak_unpub,RNN,correct trials,correct trials,26.5,0.6720037587938561,489.9074074074074,,,,,,,,,,,,,,,,,,,,,,,,,,,,,0.08335839663616043,0.12295679202307602,0.14227293496649643,0.15239034770746474,0.15745723138253973,0.16113946611423874,0.1627378912580079,,,,,,,
data_Koculak_unpub,RNN,correct trials,incorrect trials,26.5,0.5983614109871978,544.9074074074074,,,,,,,,,,,,,,,,,,,,,,,,,,,,,0.08178997996987566,0.12073531303623758,0.1409591749931375,0.1516486219889312,0.15794958586425142,0.16079034551081278,0.1626637950280888,,,,,,,
data_Koculak_unpub,RNN,incorrect trials,correct trials,26.5,0.6337208072278002,84.42592592592592,,,,,,,,,,,,,,,,,,,,,,,,,,,,,0.06507827734781635,0.09558022065687476,0.10863797862246563,0.11475778121880635,0.11687026710973845,0.12028378143440932,0.1224610839164126,,,,,,,
data_Koculak_unpub,RNN,incorrect trials,incorrect trials,26.5,0.6655715986919387,3160.6666666666665,,,,,,,,,,,,,,,,,,,,,,,,,,,,,0.06265539536144825,0.09213963039305613,0.10720533341238345,0.11502615100255718,0.11937643804897864,0.12185636163620209,0.1231620928393332,,,,,,,
data_Koculak_unpub,SVM,correct trials,correct trials,26.5,0.6166889398092843,317.31481481481484,-0.05913277006754197,-0.05180530274648727,0.02820531065454943,0.06854612410970033,-0.04871041645244926,-0.05560015146614224,0.016694813675824212,0.08030566598364677,-0.05751893682605975,-0.054059569999667136,0.022191460606183357,0.07697219703131895,-0.06193253141376999,-0.05391080410284422,0.022733252942160262,0.07950234120420234,-0.06949272710492578,-0.05427015777893695,0.027181391772067753,0.07924474029657624,-0.055879787888275065,-0.07021220780205238,0.018726189651747147,0.09865723600666057,-0.09677710544260971,-0.08490950876163479,-0.0011970302605949573,0.16681273853932344,,,,,,,,,,,,,,
data_Koculak_unpub,SVM,correct trials,incorrect trials,26.5,0.6083736867880299,312.01851851851853,-0.05913277006754197,-0.05180530274648727,0.02820531065454943,0.06854612410970033,-0.04871041645244926,-0.05560015146614224,0.016694813675824212,0.08030566598364677,-0.05751893682605975,-0.054059569999667136,0.022191460606183357,0.07697219703131895,-0.06193253141376999,-0.05391080410284422,0.022733252942160262,0.07950234120420234,-0.06949272710492578,-0.05427015777893695,0.027181391772067753,0.07924474029657624,-0.055879787888275065,-0.07021220780205238,0.018726189651747147,0.09865723600666057,-0.09677710544260971,-0.08490950876163479,-0.0011970302605949573,0.16681273853932344,,,,,,,,,,,,,,
data_Koculak_unpub,SVM,incorrect trials,correct trials,26.5,0.6165133798445835,317.31481481481484,-0.05927110735113475,-0.05083823803972828,0.02880221100858499,0.06647660789635682,-0.047472787640507164,-0.05666514327264451,0.017031848692324186,0.07999700605222372,-0.06056107162294549,-0.05447073844699382,0.022554903229564393,0.07873725490444154,-0.06382066010780932,-0.052725809856899376,0.022854768496547054,0.07871630300159861,-0.06784852992830082,-0.05615532361506109,0.026076967979875486,0.08138835662704623,-0.053222660061727475,-0.06902680772976291,0.01796334704555997,0.09636989320939328,-0.09959562993514287,-0.08447340109159247,-0.0007943567003478124,0.16739836874606684,,,,,,,,,,,,,,
data_Koculak_unpub,SVM,incorrect trials,incorrect trials,26.5,0.6090099785312185,312.01851851851853,-0.05927110735113475,-0.05083823803972828,0.02880221100858499,0.06647660789635682,-0.047472787640507164,-0.05666514327264451,0.017031848692324186,0.07999700605222372,-0.06056107162294549,-0.05447073844699382,0.022554903229564393,0.07873725490444154,-0.06382066010780932,-0.052725809856899376,0.022854768496547054,0.07871630300159861,-0.06784852992830082,-0.05615532361506109,0.026076967979875486,0.08138835662704623,-0.053222660061727475,-0.06902680772976291,0.01796334704555997,0.09636989320939328,-0.09959562993514287,-0.08447340109159247,-0.0007943567003478124,0.16739836874606684,,,,,,,,,,,,,,
data_Law_unpub,RF,correct trials,correct trials,7.5,0.6837421172894736,832.1875,,,,,,,,,,,,,,,,,,,,,,,,,,,,,,,,,,,,0.0019243960016959941,0.004097233009029749,0.003031033597321588,0.0030779845733755447,0.011271997913400958,0.022626333149703724,0.10680786379219087
data_Law_unpub,RF,correct trials,incorrect trials,7.5,0.7120038812492435,360.8125,,,,,,,,,,,,,,,,,,,,,,,,,,,,,,,,,,,,0.007391811559867625,0.012344614731421582,0.011127505673291006,0.012261856744058346,0.021262749066754922,0.030019894245389027,0.10201686761235913
data_Law_unpub,RF,incorrect trials,correct trials,7.5,0.6964491614858693,832.1875,,,,,,,,,,,,,,,,,,,,,,,,,,,,,,,,,,,,0.004123093166754018,0.0127452623910185,0.01228857413203731,0.010302002859985986,0.015795057155586413,0.03162797532921699,0.10718044468812798
data_Law_unpub,RF,incorrect trials,incorrect trials,7.5,0.6986545181377575,360.8125,,,,,,,,,,,,,,,,,,,,,,,,,,,,,,,,,,,,-0.006813385225089751,0.013082704440733936,0.010987697655054342,0.005072296412863708,0.014532307154092075,0.02454633081839789,0.09113607268853872
data_Law_unpub,RNN,correct trials,correct trials,7.5,0.7245269398465224,1664.53125,,,,,,,,,,,,,,,,,,,,,,,,,,,,,0.18329773086588827,0.24831073288805783,0.26958772516809404,0.27850919449701905,0.2814085141289979,0.28440682124346495,0.28383028879761696,,,,,,,
data_Law_unpub,RNN,correct trials,incorrect trials,7.5,0.6963712369589035,360.8125,,,,,,,,,,,,,,,,,,,,,,,,,,,,,0.18878212803974745,0.2546238377690315,0.2805445441044867,0.29153291671536863,0.2974283512448892,0.2956346310675144,0.30615068040788174,,,,,,,
data_Law_unpub,RNN,incorrect trials,correct trials,7.5,0.6886183006671203,832.1875,,,,,,,,,,,,,,,,,,,,,,,,,,,,,0.1745100520784035,0.24172139400616288,0.2671216882299632,0.2776599987410009,0.28218400944024324,0.28548997500911355,0.2842529597692191,,,,,,,
data_Law_unpub,RNN,incorrect trials,incorrect trials,7.5,0.714863297671089,721.8125,,,,,,,,,,,,,,,,,,,,,,,,,,,,,0.1742801972432062,0.24036015255842358,0.2665483554592356,0.2763374230125919,0.28280235594138503,0.28453793411608785,0.29075463279150426,,,,,,,
data_Law_unpub,SVM,correct trials,correct trials,7.5,0.708493915017379,832.1875,-0.015422401201791313,-0.023592320433938434,-0.014299276254125214,0.0680277914264058,-0.021043453929334235,-0.02020347000641183,0.001149472094348918,0.04906002392249165,-0.02493648687847186,-0.01868384406032317,-0.0020371892290217226,0.057735551516566196,-0.014466623275710156,-0.023372471930303014,-0.009252722141979718,0.06569885941401918,-0.03674498381444101,-0.037986013574973755,0.0016175551716726693,0.11141264408118944,-0.09065558789183814,-0.04813472671562864,0.038119673930867966,0.14813236000724364,-0.23271933531522448,-0.0910040074005361,0.10616546573800276,0.32963774063416446,,,,,,,,,,,,,,
data_Law_unpub,SVM,correct trials,incorrect trials,7.5,0.7184752908190267,360.8125,-0.015422401201791313,-0.023592320433938434,-0.014299276254125214,0.0680277914264058,-0.021043453929334235,-0.02020347000641183,0.001149472094348918,0.04906002392249165,-0.02493648687847186,-0.01868384406032317,-0.0020371892290217226,0.057735551516566196,-0.014466623275710156,-0.023372471930303014,-0.009252722141979718,0.06569885941401918,-0.03674498381444101,-0.037986013574973755,0.0016175551716726693,0.11141264408118944,-0.09065558789183814,-0.04813472671562864,0.038119673930867966,0.14813236000724364,-0.23271933531522448,-0.0910040074005361,0.10616546573800276,0.32963774063416446,,,,,,,,,,,,,,
data_Law_unpub,SVM,incorrect trials,correct trials,7.5,0.7025221015209011,832.1875,-0.011657930955220866,-0.02592994701253613,-0.018111310997920394,0.07119190026146181,-0.019718690102031113,-0.023444222240613845,-0.013165974076213244,0.07821494558103911,-0.04418757574458919,-0.009561124418846375,0.011906355299319143,0.05135262636965458,-0.004332988868719193,-0.0358379157468318,-0.01812171593283228,0.09159298152552363,-0.015383012902906388,-0.043835419002494935,-0.004180821450049725,0.10433409234758413,-0.10334580709030534,-0.03976442982552172,0.060130925608100336,0.12269411888770114,-0.22702326611962212,-0.08539742508722963,0.10032170928013043,0.33290470133744043,,,,,,,,,,,,,,
data_Law_unpub,SVM,incorrect trials,incorrect trials,7.5,0.7134827151226131,360.8125,-0.011657930955220866,-0.02592994701253613,-0.018111310997920394,0.07119190026146181,-0.019718690102031113,-0.023444222240613845,-0.013165974076213244,0.07821494558103911,-0.04418757574458919,-0.009561124418846375,0.011906355299319143,0.05135262636965458,-0.004332988868719193,-0.0358379157468318,-0.01812171593283228,0.09159298152552363,-0.015383012902906388,-0.043835419002494935,-0.004180821450049725,0.10433409234758413,-0.10334580709030534,-0.03976442982552172,0.060130925608100336,0.12269411888770114,-0.22702326611962212,-0.08539742508722963,0.10032170928013043,0.33290470133744043,,,,,,,,,,,,,,
data_Maniscalco_2017_expt1,RF,correct trials,correct trials,14.5,0.6599971038015718,760.2,,,,,,,,,,,,,,,,,,,,,,,,,,,,,,,,,,,,0.01095602416567858,0.012056574107983217,0.012067024233865508,0.011833924772023646,0.016914818695696592,0.017596442078113613,0.06527692284040235
data_Maniscalco_2017_expt1,RF,correct trials,incorrect trials,14.931034482758621,0.6251336756032067,201.75862068965517,,,,,,,,,,,,,,,,,,,,,,,,,,,,,,,,,,,,0.0018468055563276623,0.002139188962568256,-0.002281531989688724,0.006636670111268174,-0.0014356779171848374,0.013684352634386662,0.030867979780927302
data_Maniscalco_2017_expt1,RF,incorrect trials,correct trials,14.5,0.6593078294775775,760.2,,,,,,,,,,,,,,,,,,,,,,,,,,,,,,,,,,,,0.00958914691975492,0.008201644981864794,0.007912660025783533,0.008626543142294352,0.012928481480502083,0.01609100153172793,0.058295616055167754
data_Maniscalco_2017_expt1,RF,incorrect trials,incorrect trials,14.931034482758621,0.637049528052051,201.75862068965517,,,,,,,,,,,,,,,,,,,,,,,,,,,,,,,,,,,,0.002150751951731086,0.00418313374387786,0.004392208653227697,0.005416207152119996,0.013083479546714561,0.02062882124094179,0.04459365705461599
data_Maniscalco_2017_expt1,RNN,correct trials,correct trials,14.5,0.7233269038056741,2584.866666666667,,,,,,,,,,,,,,,,,,,,,,,,,,,,,0.1148314400886496,0.14147475970288115,0.15014669572313627,0.1511939380938808,0.15019335097943742,0.1484707794773082,0.14841647138819097,,,,,,,
data_Maniscalco_2017_expt1,RNN,correct trials,incorrect trials,14.931034482758621,0.6508161309856524,201.75862068965517,,,,,,,,,,,,,,,,,,,,,,,,,,,,,0.13933673195524848,0.17781576055005707,0.1853163580827672,0.18714011691767593,0.20210310495619116,0.20565545096479612,0.20083070443621998,,,,,,,
data_Maniscalco_2017_expt1,RNN,incorrect trials,correct trials,14.5,0.6711146020075343,760.2,,,,,,,,,,,,,,,,,,,,,,,,,,,,,0.11087351180613039,0.1408644429097573,0.15196445708473524,0.1549369566142559,0.15278776505341132,0.1516208289191127,0.15136718495438498,,,,,,,
data_Maniscalco_2017_expt1,RNN,incorrect trials,incorrect trials,14.711864406779661,0.7094161762760639,674.542372881356,,,,,,,,,,,,,,,,,,,,,,,,,,,,,0.1207724391616944,0.15833588730606993,0.16906192747213072,0.17214971711322413,0.17978580952700923,0.18127857798994598,0.17850947544231252,,,,,,,
data_Maniscalco_2017_expt1,SVM,correct trials,correct trials,14.5,0.6687528829690447,760.2,-0.06615500485908639,-0.005997580928069707,0.00852907677896528,0.0775542527473982,-0.06958358229184812,-0.010268007672255348,0.0035215970075907063,0.09689961890395422,-0.048256823274603705,-0.022452352483442732,0.0124830405035323,0.0703033039005566,-0.06352880735001648,-0.005659925470915362,0.008104291913698831,0.07578217989871702,-0.08703403463634275,-0.0241094048932828,0.020740334231639734,0.11217283371354961,-0.0967580540758966,-0.04796811931381484,0.0228350323874386,0.15425782309666,-0.19965478121023758,-0.06996392366515199,0.045471622134387824,0.2914409156398568,,,,,,,,,,,,,,
data_Maniscalco_2017_expt1,SVM,correct trials,incorrect trials,14.931034482758621,0.6537862503822625,201.75862068965517,-0.06577413003979433,-0.0061991813465052835,0.007911082450383038,0.0779100943443358,-0.06990315090171667,-0.010262660255179,0.003348710183709738,0.09740625959541732,-0.04827540693665822,-0.022708716693578872,0.0122746364170104,0.070795497267639,-0.06383429049781915,-0.005697533685792569,0.00806041153270642,0.07610094369515405,-0.0872118275321733,-0.02414038994776116,0.020450332239437687,0.11261101977770697,-0.0966690556355151,-0.048190843051207764,0.022497161725842908,0.15463023620291183,-0.1998571279133485,-0.07013523936855935,0.0452709766596437,0.29194847942581315,,,,,,,,,,,,,,
data_Maniscalco_2017_expt1,SVM,incorrect trials,correct trials,14.5,0.6693443690438374,760.2,-0.07343150179986094,0.008946570307768737,0.0033360032934582106,0.07486701905705426,-0.056718798332586313,-0.0036857943077868425,-0.008878158488791053,0.08361225020594899,-0.06424546644274882,-0.01457616155661171,0.02280467584674787,0.06749342884740873,-0.05078007865991357,-0.011679348502468363,0.003129588432197002,0.07081654073564357,-0.08946680252257623,-0.03552289872548282,0.025512361314086032,0.12543299354423476,-0.09822639563723803,-0.04900961374301397,0.024524976357851204,0.1517041067287996,-0.2054259072157916,-0.08283612138995475,0.04973408303429176,0.30504398512162356,,,,,,,,,,,,,,
data_Maniscalco_2017_expt1,SVM,incorrect trials,incorrect trials,14.931034482758621,0.6544607525918434,201.75862068965517,-0.07517726509149111,0.009113080435583938,0.0039294134367715075,0.07584714541578202,-0.05572386352523321,-0.004245730584429291,-0.009676220508960375,0.08362186262031082,-0.06444034899828265,-0.014165951482746644,0.022427135061574125,0.06730867760377311,-0.049887534316817105,-0.01199005526008837,0.002108728687935386,0.07120357743944751,-0.08918073680736084,-0.03604642376213689,0.025449800916605838,0.1255907715680021,-0.09897565684587892,-0.04895647995864348,0.02450837555868754,0.152404077672975,-0.20562396328612514,-0.08326177693356526,0.04902509602808675,0.3062572134986023,,,,,,,,,,,,,,
data_Maniscalco_2017_expt2,RF,correct trials,correct trials,20.0,0.5857739699033757,353.5121951219512,,,,,,,,,,,,,,,,,,,,,,,,,,,,,,,,,,,,0.0007601929414412291,0.006201080045256213,0.004279873381948747,0.01071396214557932,0.006370240378363645,0.007372412439582999,0.04929083217418208
data_Maniscalco_2017_expt2,RF,correct trials,incorrect trials,20.0,0.6219589588238134,139.6829268292683,,,,,,,,,,,,,,,,,,,,,,,,,,,,,,,,,,,,-0.00027396213095072654,0.004490741056464771,0.006596230092460662,0.0008238763921710468,0.0038961174464874062,0.005585361712830917,0.04375782942554953
data_Maniscalco_2017_expt2,RF,incorrect trials,correct trials,20.0,0.5956335287581863,353.5121951219512,,,,,,,,,,,,,,,,,,,,,,,,,,,,,,,,,,,,0.008352162094643798,0.007934571792080732,0.01019419961732279,0.01053642223118301,0.008290335136502255,0.012979392946004741,0.04993416898697896
data_Maniscalco_2017_expt2,RF,incorrect trials,incorrect trials,20.0,0.6182964552498139,139.6829268292683,,,,,,,,,,,,,,,,,,,,,,,,,,,,,,,,,,,,-0.0015962169748986327,-0.002994420488265534,0.0012561581849466997,0.007997262080260846,-0.0013482577812044033,0.0032352332216969318,0.04020206326578509
data_Maniscalco_2017_expt2,RNN,correct trials,correct trials,20.0,0.6471124637050989,1591.0121951219512,,,,,,,,,,,,,,,,,,,,,,,,,,,,,0.03942251551318515,0.05493515145981956,0.06180937782855614,0.06608053118490227,0.0674029650278787,0.06710716839539023,0.06741837497868734,,,,,,,
data_Maniscalco_2017_expt2,RNN,correct trials,incorrect trials,20.0,0.6566926579597945,139.6829268292683,,,,,,,,,,,,,,,,,,,,,,,,,,,,,0.06385617451628714,0.09260907327392842,0.10386146944606811,0.108400640327756,0.11277849412318773,0.11792975525576167,0.1195461205774691,,,,,,,
data_Maniscalco_2017_expt2,RNN,incorrect trials,correct trials,20.0,0.585042138284333,353.5121951219512,,,,,,,,,,,,,,,,,,,,,,,,,,,,,0.02706839883041273,0.03760396632388598,0.04134486656545139,0.04077213802715627,0.03924973690655173,0.036773814706177244,0.03444408121087202,,,,,,,
data_Maniscalco_2017_expt2,RNN,incorrect trials,incorrect trials,20.0,0.6409961962967614,628.7926829268292,,,,,,,,,,,,,,,,,,,,,,,,,,,,,0.018407765795084893,0.023564821055227118,0.02161049320953103,0.018962748815084047,0.013635354243977013,0.008905570425956346,0.0031022987351184863,,,,,,,
data_Maniscalco_2017_expt2,SVM,correct trials,correct trials,20.0,0.6169941235277935,353.5121951219512,-0.041114248881610554,-0.01775046406334819,0.010572044266767625,0.06870833799914411,-0.048568059653668595,-0.005390471749854527,0.01606318335981183,0.05662190961808776,-0.050856085957868793,-0.02090672125584122,0.027097865136607217,0.06732112275033066,-0.05051018301101912,-0.010307924145072712,0.026407608021320424,0.05336153521214762,-0.058444870265784314,-0.01414686292139869,0.026105577004769863,0.07058866182946279,-0.06410336259466415,-0.015721116480995025,0.018172744803942553,0.0895486051072195,-0.1668196655059046,-0.02332404724827937,0.0436665992176735,0.21571448842475527,,,,,,,,,,,,,,
data_Maniscalco_2017_expt2,SVM,correct trials,incorrect trials,20.0,0.6677082821025037,139.6829268292683,-0.041114248881610554,-0.01775046406334819,0.010572044266767625,0.06870833799914411,-0.048568059653668595,-0.005390471749854527,0.01606318335981183,0.05662190961808776,-0.050856085957868793,-0.02090672125584122,0.027097865136607217,0.06732112275033066,-0.05051018301101912,-0.010307924145072712,0.026407608021320424,0.05336153521214762,-0.058444870265784314,-0.01414686292139869,0.026105577004769863,0.07058866182946279,-0.06410336259466415,-0.015721116480995025,0.018172744803942553,0.0895486051072195,-0.1668196655059046,-0.02332404724827937,0.0436665992176735,0.21571448842475527,,,,,,,,,,,,,,
data_Maniscalco_2017_expt2,SVM,incorrect trials,correct trials,20.0,0.615691441903222,353.5121951219512,-0.046875096947927505,-0.021619555312846952,0.009656293258061995,0.0837532415167335,-0.04553911556399926,-0.016058075343927683,0.024386891626540626,0.05628784748723798,-0.05651941067029475,0.00039316203446649277,0.00764753929112602,0.07344698740416382,-0.05532214050928619,-0.01819526408799475,0.03484010336041787,0.06038290188096195,-0.04936410026718522,-0.008488911198709027,0.024978634755650646,0.0526584289535306,-0.05014419833357693,-0.02015067435260855,0.01722625987119384,0.07843803765118855,-0.16384298256594254,-0.024095243427167158,0.04808411773153295,0.21048379199842476,,,,,,,,,,,,,,
data_Maniscalco_2017_expt2,SVM,incorrect trials,incorrect trials,20.0,0.6649985131307408,139.6829268292683,-0.046875096947927505,-0.021619555312846952,0.009656293258061995,0.0837532415167335,-0.04553911556399926,-0.016058075343927683,0.024386891626540626,0.05628784748723798,-0.05651941067029475,0.00039316203446649277,0.00764753929112602,0.07344698740416382,-0.05532214050928619,-0.01819526408799475,0.03484010336041787,0.06038290188096195,-0.04936410026718522,-0.008488911198709027,0.024978634755650646,0.0526584289535306,-0.05014419833357693,-0.02015067435260855,0.01722625987119384,0.07843803765118855,-0.16384298256594254,-0.024095243427167158,0.04808411773153295,0.21048379199842476,,,,,,,,,,,,,,
data_Maniscalco_2017_expt3,RF,correct trials,correct trials,10.0,0.6575408026399369,496.0952380952381,,,,,,,,,,,,,,,,,,,,,,,,,,,,,,,,,,,,0.0071479683299766296,0.01703832373187157,0.01742408936041921,0.020047601658557485,0.020207303608044465,0.029756972439302438,0.06900894473665951
data_Maniscalco_2017_expt3,RF,correct trials,incorrect trials,10.0,0.6929634765326852,124.85714285714286,,,,,,,,,,,,,,,,,,,,,,,,,,,,,,,,,,,,0.017119671826818443,0.020475440431803705,0.026520313389113988,0.029980195195304777,0.025387303790928455,0.0310152270159313,0.05330266863046136
data_Maniscalco_2017_expt3,RF,incorrect trials,correct trials,10.0,0.6495745754280204,496.0952380952381,,,,,,,,,,,,,,,,,,,,,,,,,,,,,,,,,,,,0.0032682415634719764,0.005329370422117926,0.0080182634072035,0.010115462555252613,0.006932892490510716,0.016190823518148628,0.056011062192319286
data_Maniscalco_2017_expt3,RF,incorrect trials,incorrect trials,10.0,0.6601380457510732,124.85714285714286,,,,,,,,,,,,,,,,,,,,,,,,,,,,,,,,,,,,0.0003053846231395008,0.0070770397275659765,0.009035431750323423,0.012705500074448433,0.005226496368020924,0.006538396234606947,0.05243646275924411
data_Maniscalco_2017_expt3,RNN,correct trials,correct trials,10.0,0.710196733137823,1240.404761904762,,,,,,,,,,,,,,,,,,,,,,,,,,,,,0.0778389438720686,0.09603827335827406,0.10115133775841623,0.10211782419078407,0.1024674493375988,0.10080005805052462,0.09963104044575066,,,,,,,
data_Maniscalco_2017_expt3,RNN,correct trials,incorrect trials,10.0,0.6894165748819074,124.85714285714286,,,,,,,,,,,,,,,,,,,,,,,,,,,,,0.09548404830552283,0.11276841097112213,0.10645671525881403,0.11700452385204178,0.12221265956759453,0.12200680002570152,0.1229646663580622,,,,,,,
data_Maniscalco_2017_expt3,RNN,incorrect trials,correct trials,10.0,0.6478023936283971,496.0952380952381,,,,,,,,,,,,,,,,,,,,,,,,,,,,,0.06309429757917918,0.08798848697915673,0.09986555412234295,0.10372689206685339,0.10559553502216226,0.1063152847900277,0.10542978027037211,,,,,,,
data_Maniscalco_2017_expt3,RNN,incorrect trials,incorrect trials,10.0,0.7110663446363741,312.3333333333333,,,,,,,,,,,,,,,,,,,,,,,,,,,,,0.06734359628033068,0.08967976810942802,0.09464548305065061,0.10112275974825025,0.10370923235036787,0.10540393719427466,0.10876987973183748,,,,,,,
data_Maniscalco_2017_expt3,SVM,correct trials,correct trials,10.0,0.67509598747003,496.0952380952381,-0.05605070678432137,-0.020927937562950655,-0.0036862456953365317,0.09717425728185804,-0.04578326716611828,-0.030672225570348766,-0.01062942152105729,0.11061644118886604,-0.03596469810047195,-0.031841461553884884,0.016052246173770063,0.06484573766889548,-0.05382206892756252,-0.018157322894721648,-0.011238866989881923,0.10296532569317855,-0.06592643179012775,-0.03367042116958155,0.016988875472732663,0.10504599105464194,-0.06957315235592017,-0.028858465434701032,0.009903445451728785,0.11318007599940859,-0.20865999111089742,-0.05796971000143849,0.026686077771716457,0.3193618791887173,,,,,,,,,,,,,,
data_Maniscalco_2017_expt3,SVM,correct trials,incorrect trials,10.0,0.6904926114182532,124.85714285714286,-0.05605070678432137,-0.020927937562950655,-0.0036862456953365317,0.09717425728185804,-0.04578326716611828,-0.030672225570348766,-0.01062942152105729,0.11061644118886604,-0.03596469810047195,-0.031841461553884884,0.016052246173770063,0.06484573766889548,-0.05382206892756252,-0.018157322894721648,-0.011238866989881923,0.10296532569317855,-0.06592643179012775,-0.03367042116958155,0.016988875472732663,0.10504599105464194,-0.06957315235592017,-0.028858465434701032,0.009903445451728785,0.11318007599940859,-0.20865999111089742,-0.05796971000143849,0.026686077771716457,0.3193618791887173,,,,,,,,,,,,,,
data_Maniscalco_2017_expt3,SVM,incorrect trials,correct trials,10.0,0.6806110291073045,496.0952380952381,-0.051575460453790876,-0.027431434863038267,-0.0016558347530255182,0.09880360792170856,-0.04790577175956357,-0.022800646789110715,-0.0034437198773924517,0.09543453955397864,-0.03428120046088265,-0.03545297251194819,0.024050631713003204,0.05682107063446756,-0.054748291939349214,-0.017151315520801756,-0.019145096379119837,0.1141135319798051,-0.06417190884062199,-0.03379352392928025,0.013495431028832374,0.10971429255084988,-0.07716820268510906,-0.02237927219709402,0.009486846305187462,0.11498176505882544,-0.2070640108527884,-0.06121748866111803,0.01858986368242683,0.3317385745179565,,,,,,,,,,,,,,
data_Maniscalco_2017_expt3,SVM,incorrect trials,incorrect trials,10.0,0.6852922868820572,124.85714285714286,-0.051575460453790876,-0.027431434863038267,-0.0016558347530255182,0.09880360792170856,-0.04790577175956357,-0.022800646789110715,-0.0034437198773924517,0.09543453955397864,-0.03428120046088265,-0.03545297251194819,0.024050631713003204,0.05682107063446756,-0.054748291939349214,-0.017151315520801756,-0.019145096379119837,0.1141135319798051,-0.06417190884062199,-0.03379352392928025,0.013495431028832374,0.10971429255084988,-0.07716820268510906,-0.02237927219709402,0.009486846305187462,0.11498176505882544,-0.2070640108527884,-0.06121748866111803,0.01858986368242683,0.3317385745179565,,,,,,,,,,,,,,
data_Maniscalco_2017_expt4,RF,correct trials,correct trials,16.0,0.6972285919625313,553.0909090909091,,,,,,,,,,,,,,,,,,,,,,,,,,,,,,,,,,,,0.00760509672511679,0.008295380302054949,0.005126011746563369,0.011770482354423094,0.009959385764444068,0.012729897313038396,0.05186225630603403
data_Maniscalco_2017_expt4,RF,correct trials,incorrect trials,16.0,0.6965333087693484,120.60606060606061,,,,,,,,,,,,,,,,,,,,,,,,,,,,,,,,,,,,0.006946549668863568,0.010206103840245692,0.012058845714724745,0.012759025431850314,0.013554731538065724,0.014090251218205814,0.04337377482863789
data_Maniscalco_2017_expt4,RF,incorrect trials,correct trials,16.0,0.6982386691987238,553.0909090909091,,,,,,,,,,,,,,,,,,,,,,,,,,,,,,,,,,,,0.003482735268823622,0.005130284115968845,0.004959591081083209,0.012234639013692454,0.008650902897499573,0.009964089360477865,0.058656006160178
data_Maniscalco_2017_expt4,RF,incorrect trials,incorrect trials,16.0,0.6937150912287979,120.60606060606061,,,,,,,,,,,,,,,,,,,,,,,,,,,,,,,,,,,,0.005955827118686157,0.005930663190176209,0.0077041160436183715,0.012355105748265026,0.016020108435682977,0.01526876637186557,0.04627896130933984
data_Maniscalco_2017_expt4,RNN,correct trials,correct trials,16.0,0.7485822505177316,2046.6515151515152,,,,,,,,,,,,,,,,,,,,,,,,,,,,,-0.10349846960073618,-0.16437129487255306,-0.19348302242261442,-0.20853397332018975,-0.216702170260815,-0.22132118961378705,-0.22317924486670757,,,,,,,
data_Maniscalco_2017_expt4,RNN,correct trials,incorrect trials,16.0,0.6845122372744201,120.60606060606061,,,,,,,,,,,,,,,,,,,,,,,,,,,,,-0.10446271929664142,-0.15669974934479053,-0.18933983166899646,-0.20185506716370583,-0.2053730289705775,-0.20724713209677825,-0.207212190962199,,,,,,,
data_Maniscalco_2017_expt4,RNN,incorrect trials,correct trials,16.0,0.6986840797213741,553.0909090909091,,,,,,,,,,,,,,,,,,,,,,,,,,,,,-0.09420954664661126,-0.15845666676195283,-0.19852454111925466,-0.22420533101610612,-0.2406638984526084,-0.25189233431592584,-0.25920882838016207,,,,,,,
data_Maniscalco_2017_expt4,RNN,incorrect trials,incorrect trials,16.0,0.7288862687227555,446.40909090909093,,,,,,,,,,,,,,,,,,,,,,,,,,,,,-0.09302204986681427,-0.15284738203538864,-0.19283308238355498,-0.21717839632324423,-0.23178462940973765,-0.24100461864674633,-0.24636134838643062,,,,,,,
data_Maniscalco_2017_expt4,SVM,correct trials,correct trials,16.0,0.7111807294733877,553.0909090909091,-0.04942052271368148,-0.02777754603652417,-0.02499654202255436,0.09502588778442489,-0.05560654825273963,-0.04196785923193959,-0.0317167089326286,0.11141634198448237,-0.03926530739127529,-0.02560372634763083,-0.03749915527728094,0.08817535770858081,-0.05844755335421091,-0.03349872297540328,-0.015876486801793953,0.09854957123070028,-0.07363240722596331,-0.049477390414040805,-0.015980705017132803,0.11994154650017944,-0.0779616822277292,-0.05595950380580086,-0.04869200487188615,0.1506442606484826,-0.17795384663862274,-0.08618793960697713,-0.07604586701439514,0.2748184599910251,,,,,,,,,,,,,,
data_Maniscalco_2017_expt4,SVM,correct trials,incorrect trials,16.0,0.67925307332682,120.60606060606061,-0.04942052271368148,-0.02777754603652417,-0.02499654202255436,0.09502588778442489,-0.05560654825273963,-0.04196785923193959,-0.0317167089326286,0.11141634198448237,-0.03926530739127529,-0.02560372634763083,-0.03749915527728094,0.08817535770858081,-0.05844755335421091,-0.03349872297540328,-0.015876486801793953,0.09854957123070028,-0.07363240722596331,-0.049477390414040805,-0.015980705017132803,0.11994154650017944,-0.0779616822277292,-0.05595950380580086,-0.04869200487188615,0.1506442606484826,-0.17795384663862274,-0.08618793960697713,-0.07604586701439514,0.2748184599910251,,,,,,,,,,,,,,
data_Maniscalco_2017_expt4,SVM,incorrect trials,correct trials,16.0,0.710037003694098,553.0909090909091,-0.05803198349556854,-0.03601070968243439,-0.023012472075924374,0.10619399185750043,-0.04488574343850191,-0.038722719694373055,-0.040236284256375196,0.10783294597726094,-0.04040067447849385,-0.031368987095825036,-0.03187264266746825,0.08793412002120138,-0.05632006193807087,-0.034504353769926534,-0.013296777927484932,0.09493604911533284,-0.06761017522178688,-0.04946722511257207,-0.004266017011889206,0.10489885088012135,-0.08085657292194072,-0.0510411799011376,-0.059156126660274366,0.15837839573288068,-0.17835807330396447,-0.08703623561768421,-0.07592842516600834,0.27439672152911865,,,,,,,,,,,,,,
data_Maniscalco_2017_expt4,SVM,incorrect trials,incorrect trials,16.0,0.6748211193909229,120.60606060606061,-0.05803198349556854,-0.03601070968243439,-0.023012472075924374,0.10619399185750043,-0.04488574343850191,-0.038722719694373055,-0.040236284256375196,0.10783294597726094,-0.04040067447849385,-0.031368987095825036,-0.03187264266746825,0.08793412002120138,-0.05632006193807087,-0.034504353769926534,-0.013296777927484932,0.09493604911533284,-0.06761017522178688,-0.04946722511257207,-0.004266017011889206,0.10489885088012135,-0.08085657292194072,-0.0510411799011376,-0.059156126660274366,0.15837839573288068,-0.17835807330396447,-0.08703623561768421,-0.07592842516600834,0.27439672152911865,,,,,,,,,,,,,,
data_Shekhar_2018,RF,correct trials,correct trials,9.0,0.6659793686851697,568.2631578947369,,,,,,,,,,,,,,,,,,,,,,,,,,,,,,,,,,,,0.0006204300093135684,0.003658463424304847,0.0037604740953705103,0.013784851439347516,0.01188115524881372,0.019845191265733354,0.07431981172458953
data_Shekhar_2018,RF,correct trials,incorrect trials,9.0,0.659205705017708,144.73684210526315,,,,,,,,,,,,,,,,,,,,,,,,,,,,,,,,,,,,0.0016498140675902267,0.0076626646869814895,0.000398205936511195,0.005680415894687666,0.008505063239721652,0.02030348938155323,0.06024773496542933
data_Shekhar_2018,RF,incorrect trials,correct trials,9.0,0.6665646778677785,568.2631578947369,,,,,,,,,,,,,,,,,,,,,,,,,,,,,,,,,,,,0.00732031944137404,0.005722773863283916,0.004484870571731116,0.005759519118005506,0.004033251293928684,0.018025401567955946,0.07808216596866284
data_Shekhar_2018,RF,incorrect trials,incorrect trials,9.0,0.6666693818563156,144.73684210526315,,,,,,,,,,,,,,,,,,,,,,,,,,,,,,,,,,,,0.009403146534278808,0.008170319192765738,0.005735304495735111,-0.0013081380002676467,0.006120851529403252,0.013228453829038556,0.06359015640681016
data_Shekhar_2018,RNN,correct trials,correct trials,9.0,0.7314427246038365,1307.2105263157894,,,,,,,,,,,,,,,,,,,,,,,,,,,,,0.002182862314695838,0.0029310359807966932,0.002483291709818567,0.0016261313392437594,-0.0014583313329096163,-0.002360204080009426,-0.001546607983886807,,,,,,,
data_Shekhar_2018,RNN,correct trials,incorrect trials,9.0,0.671909238325549,144.73684210526315,,,,,,,,,,,,,,,,,,,,,,,,,,,,,0.007505813074347225,0.008031737843626431,0.011846368348127917,0.002690292796806304,0.002864137586010146,0.008329544412462328,0.004681830931650979,,,,,,,
data_Shekhar_2018,RNN,incorrect trials,correct trials,9.0,0.6626504255370412,568.2631578947369,,,,,,,,,,,,,,,,,,,,,,,,,,,,,0.009264636245605183,0.00538633097159235,-0.0011107602744902362,-0.004420581102175136,-0.008052888804262406,-0.011378626982485379,-0.012731984469083763,,,,,,,
data_Shekhar_2018,RNN,incorrect trials,incorrect trials,9.0,0.7176802643336864,333.13157894736844,,,,,,,,,,,,,,,,,,,,,,,,,,,,,0.015401272743474683,0.012256864954619416,0.009532972692364921,0.004985429253122823,0.001306858011766492,-7.98294939541676e-06,-0.0014540902767820607,,,,,,,
data_Shekhar_2018,SVM,correct trials,correct trials,9.0,0.6804073867675441,568.2631578947369,-0.0512642973577859,-0.032713462894825296,0.04594611784439474,0.0452171791685435,-0.059556229883868314,-0.012146836905981926,-0.0023640833532141583,0.08528506818888403,-0.04211377905840708,-0.0021957804859357895,-0.008423941819223995,0.06324300201060724,-0.08095556267148436,-0.02347362313271841,0.018995902374228272,0.0948387646468063,-0.07976006252525802,-0.02648871029258352,0.01953230297444622,0.09586894132909167,-0.1257447501613518,-0.03348120144664824,0.052737167920072534,0.1102142821306421,-0.23656186877337634,-0.08320923992628303,0.024686169625267818,0.3089171517423967,,,,,,,,,,,,,,
data_Shekhar_2018,SVM,correct trials,incorrect trials,9.0,0.671665375999844,144.73684210526315,-0.0512642973577859,-0.032713462894825296,0.04594611784439474,0.0452171791685435,-0.059556229883868314,-0.012146836905981926,-0.0023640833532141583,0.08528506818888403,-0.04211377905840708,-0.0021957804859357895,-0.008423941819223995,0.06324300201060724,-0.08095556267148436,-0.02347362313271841,0.018995902374228272,0.0948387646468063,-0.07976006252525802,-0.02648871029258352,0.01953230297444622,0.09586894132909167,-0.1257447501613518,-0.03348120144664824,0.052737167920072534,0.1102142821306421,-0.23656186877337634,-0.08320923992628303,0.024686169625267818,0.3089171517423967,,,,,,,,,,,,,,
data_Shekhar_2018,SVM,incorrect trials,correct trials,9.0,0.6748122936393591,568.2631578947369,-0.10492190463728442,-0.03740823204099599,0.05844300877442878,0.08312955520576133,-0.08077372395197302,-0.014155528681258578,0.0023348481464096934,0.1061079422746045,-0.020115495111668553,0.014907832938167262,-0.019726329194842053,0.043791549624773995,-0.07635176040008983,-0.0294846124398527,0.029398123328950445,0.08197616360404533,-0.041324488307800944,-0.027066782737287156,0.009283121878345157,0.07095065155268263,-0.12127494578889299,-0.02708241697591757,0.03604733542566022,0.12706991609252688,-0.23200045444620673,-0.10548171997485566,0.027479720221242905,0.32519051899261947,,,,,,,,,,,,,,
data_Shekhar_2018,SVM,incorrect trials,incorrect trials,9.0,0.6636302950134968,144.73684210526315,-0.10492190463728442,-0.03740823204099599,0.05844300877442878,0.08312955520576133,-0.08077372395197302,-0.014155528681258578,0.0023348481464096934,0.1061079422746045,-0.020115495111668553,0.014907832938167262,-0.019726329194842053,0.043791549624773995,-0.07635176040008983,-0.0294846124398527,0.029398123328950445,0.08197616360404533,-0.041324488307800944,-0.027066782737287156,0.009283121878345157,0.07095065155268263,-0.12127494578889299,-0.02708241697591757,0.03604733542566022,0.12706991609252688,-0.23200045444620673,-0.10548171997485566,0.027479720221242905,0.32519051899261947,,,,,,,,,,,,,,
data_Sherman_2016_JOCN,RF,correct trials,correct trials,8.5,0.6062123342882855,1613.4444444444443,,,,,,,,,,,,,,,,,,,,,,,,,,,,,,,,,,,,0.01112107982178522,0.013957616596377294,0.013304401092857458,0.011356659048228312,0.0170849712384353,0.023239667179643184,0.04529802277072789
data_Sherman_2016_JOCN,RF,correct trials,incorrect trials,8.5,0.5802318111228792,328.8888888888889,,,,,,,,,,,,,,,,,,,,,,,,,,,,,,,,,,,,-0.0008360526220792003,0.0024427734769557384,0.0031511032319052985,-0.005213302077050795,0.0009061611421931107,0.006963134785943699,0.0342762411670833
data_Sherman_2016_JOCN,RF,incorrect trials,correct trials,8.5,0.5984206672692938,1613.4444444444443,,,,,,,,,,,,,,,,,,,,,,,,,,,,,,,,,,,,0.003651155651390639,0.003649675764737328,0.004867702150173078,0.001253891302866861,0.00913301730162646,0.013755076039542572,0.04449967946772668
data_Sherman_2016_JOCN,RF,incorrect trials,incorrect trials,8.5,0.5941500770339831,328.8888888888889,,,,,,,,,,,,,,,,,,,,,,,,,,,,,,,,,,,,0.007809130979785189,0.005609408275360533,0.012245321421568887,0.009549671160744002,0.01413043111311154,0.017885918346797654,0.0463004975130799
data_Sherman_2016_JOCN,RNN,correct trials,correct trials,8.5,0.6350349648410444,3549.777777777778,,,,,,,,,,,,,,,,,,,,,,,,,,,,,0.18395387484795514,0.2607646696269512,0.294597327709198,0.30992576604088146,0.3177069326241811,0.32129745599296355,0.32376932642526096,,,,,,,
data_Sherman_2016_JOCN,RNN,correct trials,incorrect trials,8.5,0.5998399345615579,328.8888888888889,,,,,,,,,,,,,,,,,,,,,,,,,,,,,0.1835136603977945,0.25588201565874946,0.2863685927457279,0.3006698290506999,0.30678097986512715,0.3155396050877041,0.3135545038514667,,,,,,,
data_Sherman_2016_JOCN,RNN,incorrect trials,correct trials,8.5,0.5970842633566794,1613.4444444444443,,,,,,,,,,,,,,,,,,,,,,,,,,,,,0.12485598358843059,0.19747805264261034,0.24381368358929953,0.2742864365379016,0.2949374260173903,0.30862000501818126,0.31940146452850765,,,,,,,
data_Sherman_2016_JOCN,RNN,incorrect trials,incorrect trials,8.5,0.6048022336019483,723.8055555555555,,,,,,,,,,,,,,,,,,,,,,,,,,,,,0.12597130549450716,0.19754838860697213,0.2441908319791158,0.2743261766930421,0.2943824790418148,0.3108145400053925,0.318834763020277,,,,,,,
data_Sherman_2016_JOCN,SVM,correct trials,correct trials,8.5,0.6322915600498392,1613.4444444444443,-0.03196941817317385,-0.030042589888636173,0.014074452872422946,0.028115296978055586,-0.036046344834026973,-0.03565452733737508,0.010715443669819717,0.03947728251464919,-0.04096152493098184,-0.038938941297171424,0.008002009438748767,0.04827998563593869,-0.03330314684632472,-0.04056843174431658,0.003058576262057811,0.05226316166465853,-0.054559388608319125,-0.044200098822731154,0.004718392590496033,0.06386734330186082,-0.0385554601459862,-0.07819399582568815,-0.007087833258511504,0.10427848126752412,-0.10370708622300417,-0.09938934212765202,-0.027789009851284074,0.18452115675270298,,,,,,,,,,,,,,
data_Sherman_2016_JOCN,SVM,correct trials,incorrect trials,8.5,0.6191871676237474,328.8888888888889,-0.03196941817317385,-0.030042589888636173,0.014074452872422946,0.028115296978055586,-0.036046344834026973,-0.03565452733737508,0.010715443669819717,0.03947728251464919,-0.04096152493098184,-0.038938941297171424,0.008002009438748767,0.04827998563593869,-0.03330314684632472,-0.04056843174431658,0.003058576262057811,0.05226316166465853,-0.054559388608319125,-0.044200098822731154,0.004718392590496033,0.06386734330186082,-0.0385554601459862,-0.07819399582568815,-0.007087833258511504,0.10427848126752412,-0.10370708622300417,-0.09938934212765202,-0.027789009851284074,0.18452115675270298,,,,,,,,,,,,,,
data_Sherman_2016_JOCN,SVM,incorrect trials,correct trials,8.5,0.6292314554455003,1613.4444444444443,-0.02814016181322768,-0.03468092047490866,0.016725179422250748,0.02758003559664157,-0.04446146765924117,-0.02828825197007777,0.011380040297141927,0.03651455603890871,-0.03727162985314283,-0.048020520760959584,0.008983523398731779,0.052823400600161705,-0.04194004875378475,-0.03375232564084632,0.0007339492436227329,0.05275878122894927,-0.04971359666070494,-0.04297555425886126,0.0015538696065148614,0.0638523864280223,-0.03633909315361952,-0.07933364582477657,-0.012109044690898118,0.1113219701594393,-0.1043612714055532,-0.09523569391618705,-0.028035823673059804,0.18251070638927283,,,,,,,,,,,,,,
data_Sherman_2016_JOCN,SVM,incorrect trials,incorrect trials,8.5,0.6168627725244537,328.8888888888889,-0.02814016181322768,-0.03468092047490866,0.016725179422250748,0.02758003559664157,-0.04446146765924117,-0.02828825197007777,0.011380040297141927,0.03651455603890871,-0.03727162985314283,-0.048020520760959584,0.008983523398731779,0.052823400600161705,-0.04194004875378475,-0.03375232564084632,0.0007339492436227329,0.05275878122894927,-0.04971359666070494,-0.04297555425886126,0.0015538696065148614,0.0638523864280223,-0.03633909315361952,-0.07933364582477657,-0.012109044690898118,0.1113219701594393,-0.1043612714055532,-0.09523569391618705,-0.028035823673059804,0.18251070638927283,,,,,,,,,,,,,,
data_Siedlecka_2019,RF,correct trials,correct trials,18.0,0.7510334335785889,278.56756756756755,,,,,,,,,,,,,,,,,,,,,,,,,,,,,,,,,,,,0.009659493296441217,0.017724806286322177,0.02059844582409221,0.01607617316723557,0.022513640013505098,0.03360823756646754,0.08321417260153126
data_Siedlecka_2019,RF,correct trials,incorrect trials,18.0,0.7640894351986609,106.64864864864865,,,,,,,,,,,,,,,,,,,,,,,,,,,,,,,,,,,,0.010045268368904904,0.017316339904019817,0.017565173740832003,0.02091439896815543,0.01741381370451587,0.029253790262454584,0.08244414104622187
data_Siedlecka_2019,RF,incorrect trials,correct trials,18.0,0.7361713605167673,278.56756756756755,,,,,,,,,,,,,,,,,,,,,,,,,,,,,,,,,,,,0.00552848578016083,0.002873018931380486,0.007217589914229307,0.010167363099444732,0.017092701798946904,0.024092338765153834,0.0597094018303973
data_Siedlecka_2019,RF,incorrect trials,incorrect trials,18.0,0.7477355641391786,106.64864864864865,,,,,,,,,,,,,,,,,,,,,,,,,,,,,,,,,,,,0.0052937770193485206,0.003442444938562145,0.0160249324228924,0.009372706714163978,0.010285368823167822,0.02395094065419188,0.06768528565845869
data_Siedlecka_2019,RNN,correct trials,correct trials,18.0,0.7616823810371148,1142.3513513513512,,,,,,,,,,,,,,,,,,,,,,,,,,,,,0.13112696091254314,0.20244712213280838,0.24046312977333326,0.25964543519374866,0.2700906225997912,0.27562468267687773,0.2794163666816579,,,,,,,
data_Siedlecka_2019,RNN,correct trials,incorrect trials,18.0,0.7297260015924314,106.64864864864865,,,,,,,,,,,,,,,,,,,,,,,,,,,,,0.14572063013376366,0.22117560769657832,0.26158711724486705,0.2858064446875171,0.2965206536841956,0.30263871523375446,0.29973856450020764,,,,,,,
data_Siedlecka_2019,RNN,incorrect trials,correct trials,18.0,0.7176119188101558,278.56756756756755,,,,,,,,,,,,,,,,,,,,,,,,,,,,,0.14083425564741764,0.21504002139979114,0.2541634662743859,0.27124739232523415,0.2817602630931179,0.2876504104508943,0.2916863563004881,,,,,,,
data_Siedlecka_2019,RNN,incorrect trials,incorrect trials,18.0,0.753296031121093,437.44594594594594,,,,,,,,,,,,,,,,,,,,,,,,,,,,,0.1506622997741844,0.22831873326386148,0.2685657715475237,0.2903006468219934,0.29930740926175603,0.30430681200546994,0.30395553136760417,,,,,,,
data_Siedlecka_2019,SVM,correct trials,correct trials,18.0,0.7558446198120167,278.56756756756755,-0.043685579524792524,-0.012684107274572984,0.015256066917433243,0.05795299243771564,-0.0598780983138137,-0.019849343286388373,0.026322860279266943,0.0858631651374574,-0.05990195414955448,-0.028451762306057057,0.03326556639804292,0.0881443554833965,-0.05862795586647968,-0.04416995791340803,0.05001232904948929,0.09154565825636864,-0.07085491032181587,-0.057180406861745005,0.06906897654398765,0.10124267019217092,-0.13955474916599658,-0.04245304207203732,0.060113865103244325,0.1955559507214325,-0.19195289313252434,-0.048754176285092814,0.0838985437630879,0.23857278619693295,,,,,,,,,,,,,,
data_Siedlecka_2019,SVM,correct trials,incorrect trials,18.0,0.7654456156765308,106.64864864864865,-0.043685579524792524,-0.012684107274572984,0.015256066917433243,0.05795299243771564,-0.0598780983138137,-0.019849343286388373,0.026322860279266943,0.0858631651374574,-0.05990195414955448,-0.028451762306057057,0.03326556639804292,0.0881443554833965,-0.05862795586647968,-0.04416995791340803,0.05001232904948929,0.09154565825636864,-0.07085491032181587,-0.057180406861745005,0.06906897654398765,0.10124267019217092,-0.13955474916599658,-0.04245304207203732,0.060113865103244325,0.1955559507214325,-0.19195289313252434,-0.048754176285092814,0.0838985437630879,0.23857278619693295,,,,,,,,,,,,,,
data_Siedlecka_2019,SVM,incorrect trials,correct trials,18.0,0.7508236793577994,278.56756756756755,-0.03781437915552149,-0.0184433761154925,0.010561673330122609,0.07296422473468846,-0.061465078699455285,-0.017882422739445417,0.022765323927502846,0.08221872724331246,-0.03323539959107537,-0.029165953545377942,0.03501211510142671,0.046149674852218145,-0.06282367644888612,-0.04149213626514816,0.05214585076013628,0.07688848457966568,-0.08617201208704954,-0.05478877692674952,0.058197865774544444,0.14386267526906527,-0.14415822520267793,-0.039358282146552626,0.06288389992658307,0.18006650548269243,-0.17615306900640199,-0.07502940606396202,0.10747619484320006,0.2367514373918139,,,,,,,,,,,,,,
data_Siedlecka_2019,SVM,incorrect trials,incorrect trials,18.0,0.7648784758618125,106.64864864864865,-0.03781437915552149,-0.0184433761154925,0.010561673330122609,0.07296422473468846,-0.061465078699455285,-0.017882422739445417,0.022765323927502846,0.08221872724331246,-0.03323539959107537,-0.029165953545377942,0.03501211510142671,0.046149674852218145,-0.06282367644888612,-0.04149213626514816,0.05214585076013628,0.07688848457966568,-0.08617201208704954,-0.05478877692674952,0.058197865774544444,0.14386267526906527,-0.14415822520267793,-0.039358282146552626,0.06288389992658307,0.18006650548269243,-0.17615306900640199,-0.07502940606396202,0.10747619484320006,0.2367514373918139,,,,,,,,,,,,,,
data_Wierzchon_2014,RF,correct trials,correct trials,77.0,0.6350202235420147,347.4258064516129,,,,,,,,,,,,,,,,,,,,,,,,,,,,,,,,,,,,0.005376426098139991,0.008477037941901687,0.011374905249481667,0.011559377443483806,0.015974795714243328,0.017104881237428864,0.042820477766347634
data_Wierzchon_2014,RF,correct trials,incorrect trials,77.0,0.557777090782503,22.87741935483871,,,,,,,,,,,,,,,,,,,,,,,,,,,,,,,,,,,,0.0004641067826352648,0.0038950313909550185,0.004126692372653052,0.0032850103427488403,0.003861128829344983,0.007460487586346642,0.014035786778587349
data_Wierzchon_2014,RF,incorrect trials,correct trials,77.0,0.6175982586970531,347.4258064516129,,,,,,,,,,,,,,,,,,,,,,,,,,,,,,,,,,,,0.00392580587222897,0.007839042309448247,0.007071792212893529,0.002596678617911333,0.006996802682959643,0.01612262507564714,0.037553693459176876
data_Wierzchon_2014,RF,incorrect trials,incorrect trials,77.0,0.5371064099932796,22.87741935483871,,,,,,,,,,,,,,,,,,,,,,,,,,,,,,,,,,,,-0.0009470922243191431,-0.00567429464134952,0.00656902432386307,-0.0036396607082912,0.0032863299255428795,-0.0017858749551729388,0.008685306311880643
data_Wierzchon_2014,RNN,correct trials,correct trials,77.0,0.6897329549805727,5524.270967741935,,,,,,,,,,,,,,,,,,,,,,,,,,,,,-0.27695998782592435,-0.3693772359908889,-0.40413586168790294,-0.417793171242961,-0.42434805835725836,-0.42827523798867684,-0.4296924251552311,,,,,,,
data_Wierzchon_2014,RNN,correct trials,incorrect trials,77.0,0.5407437156139998,22.87741935483871,,,,,,,,,,,,,,,,,,,,,,,,,,,,,-0.30008024801950783,-0.38944169007722407,-0.4253725278521738,-0.4413214937573479,-0.4488458197804228,-0.43796526382737344,-0.45658181761241245,,,,,,,
data_Wierzchon_2014,RNN,incorrect trials,correct trials,77.0,0.6155966093263059,347.4258064516129,,,,,,,,,,,,,,,,,,,,,,,,,,,,,-0.20680427406388785,-0.32482296300849184,-0.3943869633367285,-0.43655052405096534,-0.46342748140187695,-0.4821292047922109,-0.49397279077675194,,,,,,,
data_Wierzchon_2014,RNN,incorrect trials,incorrect trials,77.0,0.6379341952289771,363.9516129032258,,,,,,,,,,,,,,,,,,,,,,,,,,,,,-0.2153689751247575,-0.3350084273595243,-0.4053789364505886,-0.4485730200348518,-0.4777225386111006,-0.4897476014200478,-0.5089441371135294,,,,,,,
data_Wierzchon_2014,SVM,correct trials,correct trials,77.0,0.632535017522049,347.4258064516129,-0.025120331803076042,-0.016564758040258653,-0.03536779055911041,0.06163538284285956,-0.04970050576540357,-0.024454063668704368,-0.018767914651905034,0.06279604922020075,-0.04839669406477306,-0.012307821530318563,-0.04291212647012717,0.0769489696711872,-0.047543853803007824,-0.00885727574634123,-0.02793862367755061,0.06077087318110749,-0.0452592455074859,-0.049526672750346064,-0.05996911095091178,0.10799357555389791,-0.10193743223716908,-0.08895789521801856,-0.07104241069773352,0.16795561033145673,-0.10441830465524563,-0.13908998685442645,-0.0961656273484693,0.2207376145430855,,,,,,,,,,,,,,
data_Wierzchon_2014,SVM,correct trials,incorrect trials,77.0,0.5370751118942748,22.87741935483871,-0.025120331803076042,-0.016564758040258653,-0.03536779055911041,0.06163538284285956,-0.04970050576540357,-0.024454063668704368,-0.018767914651905034,0.06279604922020075,-0.04839669406477306,-0.012307821530318563,-0.04291212647012717,0.0769489696711872,-0.047543853803007824,-0.00885727574634123,-0.02793862367755061,0.06077087318110749,-0.0452592455074859,-0.049526672750346064,-0.05996911095091178,0.10799357555389791,-0.10193743223716908,-0.08895789521801856,-0.07104241069773352,0.16795561033145673,-0.10441830465524563,-0.13908998685442645,-0.0961656273484693,0.2207376145430855,,,,,,,,,,,,,,
data_Wierzchon_2014,SVM,incorrect trials,correct trials,77.0,0.6316847844661283,347.4258064516129,-0.029409112687321513,-0.013105602326425584,-0.03479786465419631,0.06299682316583934,-0.04931375749950079,-0.009753521783501676,-0.024565076921235197,0.06082094175121107,-0.033510178778761945,-0.01714827565295235,-0.051941420975236754,0.07757374836807154,-0.04613416271528734,-0.018511938949390055,-0.017068206775473712,0.0605859574878776,-0.048861002369393294,-0.03872426672385414,-0.06095565342558692,0.10008293317877472,-0.09619930304997193,-0.10681944998959099,-0.06050986945662778,0.1653881905435008,-0.11442504334937621,-0.14369669524015188,-0.10467192388176315,0.23401451056107603,,,,,,,,,,,,,,
data_Wierzchon_2014,SVM,incorrect trials,incorrect trials,77.0,0.535680574109726,22.87741935483871,-0.029409112687321513,-0.013105602326425584,-0.03479786465419631,0.06299682316583934,-0.04931375749950079,-0.009753521783501676,-0.024565076921235197,0.06082094175121107,-0.033510178778761945,-0.01714827565295235,-0.051941420975236754,0.07757374836807154,-0.04613416271528734,-0.018511938949390055,-0.017068206775473712,0.0605859574878776,-0.048861002369393294,-0.03872426672385414,-0.06095565342558692,0.10008293317877472,-0.09619930304997193,-0.10681944998959099,-0.06050986945662778,0.1653881905435008,-0.11442504334937621,-0.14369669524015188,-0.10467192388176315,0.23401451056107603,,,,,,,,,,,,,,
data_vanBoxtel_2019_Expt1,RF,correct trials,correct trials,22.0,0.5777936047396696,1253.0666666666666,,,,,,,,,,,,,,,,,,,,,,,,,,,,,,,,,,,,0.004284885177233486,0.00838181593354045,0.007335029439868663,0.007771164329370888,0.00464654426898036,0.012740109488417719,0.04088180722272949
data_vanBoxtel_2019_Expt1,RF,correct trials,incorrect trials,22.0,0.6311643023881089,339.93333333333334,,,,,,,,,,,,,,,,,,,,,,,,,,,,,,,,,,,,0.0015777913931792052,0.004099385517235027,0.008050730412680281,0.005690852312751512,0.005917751712906617,0.014324045613550156,0.05208293190176241
data_vanBoxtel_2019_Expt1,RF,incorrect trials,correct trials,22.0,0.5757754648477955,1253.0666666666666,,,,,,,,,,,,,,,,,,,,,,,,,,,,,,,,,,,,0.003745024179652543,0.004666012570606251,0.005995790832763145,0.004235227831897082,0.004290834489104747,0.011225477585583876,0.037146073280691354
data_vanBoxtel_2019_Expt1,RF,incorrect trials,incorrect trials,22.0,0.6304949870053729,339.93333333333334,,,,,,,,,,,,,,,,,,,,,,,,,,,,,,,,,,,,0.006406510665576707,0.007120948752631626,0.00289230098939306,0.00410620036618151,0.00850190252227938,0.02062168883609065,0.053792843593410994
data_vanBoxtel_2019_Expt1,RNN,correct trials,correct trials,22.0,0.6247332820577796,6140.2444444444445,,,,,,,,,,,,,,,,,,,,,,,,,,,,,0.01759785397702619,0.016156119591647016,0.011420394087003308,0.0061675307945632625,0.0017530516693821181,-0.001074787683561846,-0.0038399816055769104,,,,,,,
data_vanBoxtel_2019_Expt1,RNN,correct trials,incorrect trials,22.0,0.6317096225092539,339.93333333333334,,,,,,,,,,,,,,,,,,,,,,,,,,,,,0.017581084841448394,0.01694675313774495,0.013836529786284597,0.010177668111605778,0.009414552100416676,0.0042696302756667,0.0028929737448278236,,,,,,,
data_vanBoxtel_2019_Expt1,RNN,incorrect trials,correct trials,22.0,0.5796657551500124,1253.0666666666666,,,,,,,,,,,,,,,,,,,,,,,,,,,,,-0.005318167500404849,-0.010220050342872529,-0.016136731155630624,-0.021075888185037514,-0.02576445084479121,-0.02813295595244402,-0.03041957512549643,,,,,,,
data_vanBoxtel_2019_Expt1,RNN,incorrect trials,incorrect trials,22.0,0.6324821136105687,1665.8777777777777,,,,,,,,,,,,,,,,,,,,,,,,,,,,,-0.004795403258483719,-0.010524682014430338,-0.016281765627516286,-0.020009516806910828,-0.021999971734152884,-0.026251381545120633,-0.027810712722647516,,,,,,,
data_vanBoxtel_2019_Expt1,SVM,correct trials,correct trials,22.0,0.5871081915149732,1253.0666666666666,-0.04863186319600662,-0.023182784504854902,0.004694136290600662,0.06136990189596215,-0.04963675967878032,-0.017771081317655948,0.008820076485908171,0.05460841696839882,-0.05094325913840378,-0.01946389965276612,0.009538562106372446,0.05638272905179978,-0.05048258009949226,-0.017936762377958493,0.011587860976246202,0.05315849068942984,-0.06555113250646609,-0.022403453536362753,0.018190606094217125,0.0651494054618448,-0.08225859232163962,-0.025102554150010704,0.014940871940339533,0.08532063416219296,-0.1297979096466722,-0.043422718536175735,0.027769065053775268,0.1341562441578108,,,,,,,,,,,,,,
data_vanBoxtel_2019_Expt1,SVM,correct trials,incorrect trials,22.0,0.640364609773872,339.93333333333334,-0.04863186319600662,-0.023182784504854902,0.004694136290600662,0.06136990189596215,-0.04963675967878032,-0.017771081317655948,0.008820076485908171,0.05460841696839882,-0.05094325913840378,-0.01946389965276612,0.009538562106372446,0.05638272905179978,-0.05048258009949226,-0.017936762377958493,0.011587860976246202,0.05315849068942984,-0.06555113250646609,-0.022403453536362753,0.018190606094217125,0.0651494054618448,-0.08225859232163962,-0.025102554150010704,0.014940871940339533,0.08532063416219296,-0.1297979096466722,-0.043422718536175735,0.027769065053775268,0.1341562441578108,,,,,,,,,,,,,,
data_vanBoxtel_2019_Expt1,SVM,incorrect trials,correct trials,22.0,0.5867633734630162,1253.0666666666666,-0.04080606825546233,-0.019439624628989054,0.007336236988476201,0.04976829505384269,-0.05284598678592987,-0.01389280482638482,0.003567129978094397,0.05853590998949195,-0.05157853142795592,-0.013786249208703315,0.009188371498411351,0.053184462826401054,-0.041687195200554784,-0.027392847136389026,0.007649872804422305,0.05663412405926236,-0.06275414832686893,-0.031113703784899648,0.018968902992416967,0.06970169490871161,-0.09127597344221101,-0.019930225775208945,0.012358675142065368,0.09213402160350583,-0.12982476093593845,-0.044933710235984234,0.027015012220890464,0.13659805249942392,,,,,,,,,,,,,,
data_vanBoxtel_2019_Expt1,SVM,incorrect trials,incorrect trials,22.0,0.6400936473706585,339.93333333333334,-0.04080606825546233,-0.019439624628989054,0.007336236988476201,0.04976829505384269,-0.05284598678592987,-0.01389280482638482,0.003567129978094397,0.05853590998949195,-0.05157853142795592,-0.013786249208703315,0.009188371498411351,0.053184462826401054,-0.041687195200554784,-0.027392847136389026,0.007649872804422305,0.05663412405926236,-0.06275414832686893,-0.031113703784899648,0.018968902992416967,0.06970169490871161,-0.09127597344221101,-0.019930225775208945,0.012358675142065368,0.09213402160350583,-0.12982476093593845,-0.044933710235984234,0.027015012220890464,0.13659805249942392,,,,,,,,,,,,,,
data_vanBoxtel_2019_Expt2,RF,correct trials,correct trials,18.0,0.661795460748972,1138.5675675675675,,,,,,,,,,,,,,,,,,,,,,,,,,,,,,,,,,,,0.015704114390771563,0.01135645393384563,0.015935584900867206,0.01580231901845302,0.02186206896246006,0.02706586070319054,0.07179030099665654
data_vanBoxtel_2019_Expt2,RF,correct trials,incorrect trials,18.0,0.6570774028158267,454.43243243243245,,,,,,,,,,,,,,,,,,,,,,,,,,,,,,,,,,,,0.008041640647464831,0.011351673423812141,0.010390663301181565,0.00958681729215762,0.013428069151699695,0.023361029148643596,0.05218674458110999
data_vanBoxtel_2019_Expt2,RF,incorrect trials,correct trials,18.0,0.6525526069529385,1138.5675675675675,,,,,,,,,,,,,,,,,,,,,,,,,,,,,,,,,,,,0.008468758192985999,0.005972153716677854,0.009153783093599249,0.01227341426367603,0.013814173649608935,0.01848389381709553,0.06033802436200199
data_vanBoxtel_2019_Expt2,RF,incorrect trials,incorrect trials,18.0,0.6623053619942837,454.43243243243245,,,,,,,,,,,,,,,,,,,,,,,,,,,,,,,,,,,,0.012055037390150665,0.007257768376931794,0.013957420109877976,0.016355912074086997,0.01530602508536893,0.020084826489284918,0.04840277498870308
data_vanBoxtel_2019_Expt2,RNN,correct trials,correct trials,18.0,0.7176101935400008,4668.324324324324,,,,,,,,,,,,,,,,,,,,,,,,,,,,,-0.016121290397603752,-0.0007751747551673004,0.014104344635868335,0.02441114270304505,0.030977382041463566,0.03520604508702416,0.037159114044058965,,,,,,,
data_vanBoxtel_2019_Expt2,RNN,correct trials,incorrect trials,18.0,0.6569027656240852,454.43243243243245,,,,,,,,,,,,,,,,,,,,,,,,,,,,,-0.010937631180560261,0.006494199957799271,0.02127892819919145,0.031967987432270445,0.0427044874208199,0.043811682309653315,0.05079470960599546,,,,,,,
data_vanBoxtel_2019_Expt2,RNN,incorrect trials,correct trials,18.0,0.6653933592944654,1138.5675675675675,,,,,,,,,,,,,,,,,,,,,,,,,,,,,0.004818776351827623,0.02039517488525678,0.03188335308427546,0.03887901022224813,0.042733506752631156,0.046055840624093604,0.04651994245579919,,,,,,,
data_vanBoxtel_2019_Expt2,RNN,incorrect trials,incorrect trials,18.0,0.707362834976463,1863.337837837838,,,,,,,,,,,,,,,,,,,,,,,,,,,,,0.007572485045120865,0.024607853394479955,0.03688613929458565,0.043674285471580164,0.050269070672928476,0.05212450876039125,0.0555575414925713,,,,,,,
data_vanBoxtel_2019_Expt2,SVM,correct trials,correct trials,18.0,0.6616564594640983,1138.5675675675675,-0.06017865071387289,-0.02639883770512539,0.020505512322607816,0.07124813335742147,-0.05712810558204997,-0.025258018706779024,0.014094363144051042,0.07568142308001709,-0.04819628086678887,-0.024554407490559673,0.014743326306443347,0.06455693327723942,-0.060257349480791714,-0.03303521170451266,0.018684184504580682,0.08094827928508863,-0.0773519376066895,-0.02919183331462347,0.02365593907823466,0.08722397299299708,-0.0864461349453624,-0.057324450922499895,0.021654130141106297,0.12982123917386157,-0.16326424547291124,-0.08251837944372922,0.048132331019843516,0.20340005887395493,,,,,,,,,,,,,,
data_vanBoxtel_2019_Expt2,SVM,correct trials,incorrect trials,18.0,0.6557374217698231,454.43243243243245,-0.06017865071387289,-0.02639883770512539,0.020505512322607816,0.07124813335742147,-0.05712810558204997,-0.025258018706779024,0.014094363144051042,0.07568142308001709,-0.04819628086678887,-0.024554407490559673,0.014743326306443347,0.06455693327723942,-0.060257349480791714,-0.03303521170451266,0.018684184504580682,0.08094827928508863,-0.0773519376066895,-0.02919183331462347,0.02365593907823466,0.08722397299299708,-0.0864461349453624,-0.057324450922499895,0.021654130141106297,0.12982123917386157,-0.16326424547291124,-0.08251837944372922,0.048132331019843516,0.20340005887395493,,,,,,,,,,,,,,
data_vanBoxtel_2019_Expt2,SVM,incorrect trials,correct trials,18.0,0.6609254859747266,1138.5675675675675,-0.05844136477282206,-0.02544479489377033,0.02012724852374991,0.07126280841897485,-0.0503300359611121,-0.026050456571978242,0.011131708262148167,0.07321900335703417,-0.055414700460990216,-0.02547533632424185,0.017224317997827112,0.07160711803952552,-0.064897843075711,-0.034568011139370164,0.01616396784743969,0.09201522816271614,-0.0635133566964047,-0.0377748939181278,0.01859687949676478,0.09169513319002971,-0.09060623490305436,-0.04687794177789483,0.01470661275528883,0.13429199632380406,-0.15791804694920422,-0.0853041640484197,0.05895939063869628,0.19298639998238395,,,,,,,,,,,,,,
data_vanBoxtel_2019_Expt2,SVM,incorrect trials,incorrect trials,18.0,0.6534583359754509,454.43243243243245,-0.05844136477282206,-0.02544479489377033,0.02012724852374991,0.07126280841897485,-0.0503300359611121,-0.026050456571978242,0.011131708262148167,0.07321900335703417,-0.055414700460990216,-0.02547533632424185,0.017224317997827112,0.07160711803952552,-0.064897843075711,-0.034568011139370164,0.01616396784743969,0.09201522816271614,-0.0635133566964047,-0.0377748939181278,0.01859687949676478,0.09169513319002971,-0.09060623490305436,-0.04687794177789483,0.01470661275528883,0.13429199632380406,-0.15791804694920422,-0.0853041640484197,0.05895939063869628,0.19298639998238395,,,,,,,,,,,,,,
